family,id,sequence,reference,n_mut,mutations,positions,ppi_exp,ppi_sd,n_rep
366,366_0001,AKVRVFLGWF,SKVRVFLGWF,1,S1A,1,0.524163,,1
366,366_0002,CKVRVFLGWF,SKVRVFLGWF,1,S1C,1,0.522731,,1
366,366_0003,DKVRVFLGWF,SKVRVFLGWF,1,S1D,1,0.508926,,1
366,366_0004,EKVRVFLGWF,SKVRVFLGWF,1,S1E,1,0.576352,,1
366,366_0005,FKVRVFLGWF,SKVRVFLGWF,1,S1F,1,0.381662,,1
366,366_0006,GKVRVFLGWF,SKVRVFLGWF,1,S1G,1,0.576562,,1
366,366_0007,HKVRVFLGWF,SKVRVFLGWF,1,S1H,1,0.544879,,1
366,366_0008,IKVRVFLGWF,SKVRVFLGWF,1,S1I,1,0.434926,,1
366,366_0009,KKVRVFLGWF,SKVRVFLGWF,1,S1K,1,0.583046,,1
366,366_0010,LKVRVFLGWF,SKVRVFLGWF,1,S1L,1,0.449479,,1
366,366_0011,MKVRVFLGWF,SKVRVFLGWF,1,S1M,1,0.492232,,1
366,366_0012,NKVRVFLGWF,SKVRVFLGWF,1,S1N,1,0.523091,,1
366,366_0013,PKVRVFLGWF,SKVRVFLGWF,1,S1P,1,0.569045,,1
366,366_0014,QKVRVFLGWF,SKVRVFLGWF,1,S1Q,1,0.570408,,1
366,366_0015,RKVRVFLGWF,SKVRVFLGWF,1,S1R,1,0.603864,,1
366,366_0016,SAVRVFLGWF,SKVRVFLGWF,1,K2A,2,0.560482,,1
366,366_0017,SCVRVFLGWF,SKVRVFLGWF,1,K2C,2,0.543894,,1
366,366_0018,SDVRVFLGWF,SKVRVFLGWF,1,K2D,2,0.517779,,1
366,366_0019,SEVRVFLGWF,SKVRVFLGWF,1,K2E,2,0.523675,,1
366,366_0020,SFVRVFLGWF,SKVRVFLGWF,1,K2F,2,0.358002,,1
366,366_0021,SGVRVFLGWF,SKVRVFLGWF,1,K2G,2,0.547499,,1
366,366_0022,SHVRVFLGWF,SKVRVFLGWF,1,K2H,2,0.523396,,1
366,366_0023,SIVRVFLGWF,SKVRVFLGWF,1,K2I,2,0.519677,,1
366,366_0024,SKARVFLGWF,SKVRVFLGWF,1,V3A,3,0.640736,,1
366,366_0025,SKCRVFLGWF,SKVRVFLGWF,1,V3C,3,0.586173,,1
366,366_0026,SKDRVFLGWF,SKVRVFLGWF,1,V3D,3,0.637939,,1
366,366_0027,SKERVFLGWF,SKVRVFLGWF,1,V3E,3,0.669779,,1
366,366_0028,SKFRVFLGWF,SKVRVFLGWF,1,V3F,3,0.507597,,1
366,366_0029,SKGRVFLGWF,SKVRVFLGWF,1,V3G,3,0.585014,,1
366,366_0030,SKHRVFLGWF,SKVRVFLGWF,1,V3H,3,0.639942,,1
366,366_0031,SKIRVFLGWF,SKVRVFLGWF,1,V3I,3,0.579585,,1
366,366_0032,SKKRVFLGWF,SKVRVFLGWF,1,V3K,3,0.768712,,1
366,366_0033,SKLRVFLGWF,SKVRVFLGWF,1,V3L,3,0.597807,,1
366,366_0034,SKMRVFLGWF,SKVRVFLGWF,1,V3M,3,0.614299,,1
366,366_0035,SKNRVFLGWF,SKVRVFLGWF,1,V3N,3,0.704629,,1
366,366_0036,SKPRVFLGWF,SKVRVFLGWF,1,V3P,3,0.549887,,1
366,366_0037,SKQRVFLGWF,SKVRVFLGWF,1,V3Q,3,0.739507,,1
366,366_0038,SKRRVFLGWF,SKVRVFLGWF,1,V3R,3,0.694,,1
366,366_0039,SKSRVFLGWF,SKVRVFLGWF,1,V3S,3,0.619489,,1
366,366_0040,SKTRVFLGWF,SKVRVFLGWF,1,V3T,3,0.678894,,1
366,366_0041,SKVAAFLGWF,SKVRVFLGWF,2,"R4A,V5A","4,5",0.679096,,1
366,366_0042,SKVACFLGWF,SKVRVFLGWF,2,"R4A,V5C","4,5",0.705625,,1
366,366_0043,SKVADFLGWF,SKVRVFLGWF,2,"R4A,V5D","4,5",0.693311,,1
366,366_0044,SKVAEFLGWF,SKVRVFLGWF,2,"R4A,V5E","4,5",0.813338,,1
366,366_0045,SKVAFFLGWF,SKVRVFLGWF,2,"R4A,V5F","4,5",0.587847,,1
366,366_0046,SKVAGFLGWF,SKVRVFLGWF,2,"R4A,V5G","4,5",0.605148,,1
366,366_0047,SKVAHFLGWF,SKVRVFLGWF,2,"R4A,V5H","4,5",0.767935,,1
366,366_0048,SKVAIFLGWF,SKVRVFLGWF,2,"R4A,V5I","4,5",0.752261,,1
366,366_0049,SKVAKFLGWF,SKVRVFLGWF,2,"R4A,V5K","4,5",0.763759,,1
366,366_0050,SKVALFLGWF,SKVRVFLGWF,2,"R4A,V5L","4,5",0.711456,,1
366,366_0051,SKVAMFLGWF,SKVRVFLGWF,2,"R4A,V5M","4,5",0.746366,,1
366,366_0052,SKVANFLGWF,SKVRVFLGWF,2,"R4A,V5N","4,5",0.697452,,1
366,366_0053,SKVAQFLGWF,SKVRVFLGWF,2,"R4A,V5Q","4,5",0.806697,,1
366,366_0054,SKVARFLGWF,SKVRVFLGWF,2,"R4A,V5R","4,5",0.772277,,1
366,366_0055,SKVASFLGWF,SKVRVFLGWF,2,"R4A,V5S","4,5",0.70299,,1
366,366_0056,SKVATFLGWF,SKVRVFLGWF,2,"R4A,V5T","4,5",0.846003,,1
366,366_0057,SKVAVFLGWF,SKVRVFLGWF,1,R4A,4,0.752804,,1
366,366_0058,SKVAWFLGWF,SKVRVFLGWF,2,"R4A,V5W","4,5",0.678604,,1
366,366_0059,SKVAYFLGWF,SKVRVFLGWF,2,"R4A,V5Y","4,5",0.678295,,1
366,366_0060,SKVCAFLGWF,SKVRVFLGWF,2,"R4C,V5A","4,5",0.742163,,1
366,366_0061,SKVCCFLGWF,SKVRVFLGWF,2,"R4C,V5C","4,5",0.808272,,1
366,366_0062,SKVCDFLGWF,SKVRVFLGWF,2,"R4C,V5D","4,5",0.72619,,1
366,366_0063,SKVCEFLGWF,SKVRVFLGWF,2,"R4C,V5E","4,5",0.904723,,1
366,366_0064,SKVCFFLGWF,SKVRVFLGWF,2,"R4C,V5F","4,5",0.728956,,1
366,366_0065,SKVCGFLGWF,SKVRVFLGWF,2,"R4C,V5G","4,5",0.63897,,1
366,366_0066,SKVCHFLGWF,SKVRVFLGWF,2,"R4C,V5H","4,5",0.807099,,1
366,366_0067,SKVCIFLGWF,SKVRVFLGWF,2,"R4C,V5I","4,5",0.788379,,1
366,366_0068,SKVCKFLGWF,SKVRVFLGWF,2,"R4C,V5K","4,5",0.920643,,1
366,366_0069,SKVCLFLGWF,SKVRVFLGWF,2,"R4C,V5L","4,5",0.779034,,1
366,366_0070,SKVCMFLGWF,SKVRVFLGWF,2,"R4C,V5M","4,5",0.831781,,1
366,366_0071,SKVCNFLGWF,SKVRVFLGWF,2,"R4C,V5N","4,5",0.770041,,1
366,366_0072,SKVCQFLGWF,SKVRVFLGWF,2,"R4C,V5Q","4,5",0.826508,0.0,2
366,366_0073,SKVCRFLGWF,SKVRVFLGWF,2,"R4C,V5R","4,5",0.789801,,1
366,366_0074,SKVCSFLGWF,SKVRVFLGWF,2,"R4C,V5S","4,5",0.75894,,1
366,366_0075,SKVCTFLGWF,SKVRVFLGWF,2,"R4C,V5T","4,5",0.851189,,1
366,366_0076,SKVCVFLGWF,SKVRVFLGWF,1,R4C,4,0.822369,,1
366,366_0077,SKVCWFLGWF,SKVRVFLGWF,2,"R4C,V5W","4,5",0.675517,,1
366,366_0078,SKVCYFLGWF,SKVRVFLGWF,2,"R4C,V5Y","4,5",0.778093,,1
366,366_0079,SKVDAFLGWF,SKVRVFLGWF,2,"R4D,V5A","4,5",0.556067,,1
366,366_0080,SKVDCFLGWF,SKVRVFLGWF,2,"R4D,V5C","4,5",0.623002,,1
366,366_0081,SKVDDFLGWF,SKVRVFLGWF,2,"R4D,V5D","4,5",0.579237,,1
366,366_0082,SKVDEFLGWF,SKVRVFLGWF,2,"R4D,V5E","4,5",0.685772,,1
366,366_0083,SKVDFFLGWF,SKVRVFLGWF,2,"R4D,V5F","4,5",0.600724,,1
366,366_0084,SKVDGFLGWF,SKVRVFLGWF,2,"R4D,V5G","4,5",0.579741,,1
366,366_0085,SKVDHFLGWF,SKVRVFLGWF,2,"R4D,V5H","4,5",0.646715,,1
366,366_0086,SKVDIFLGWF,SKVRVFLGWF,2,"R4D,V5I","4,5",0.729252,,1
366,366_0087,SKVDKFLGWF,SKVRVFLGWF,2,"R4D,V5K","4,5",0.675895,,1
366,366_0088,SKVDLFLGWF,SKVRVFLGWF,2,"R4D,V5L","4,5",0.669317,,1
366,366_0089,SKVDMFLGWF,SKVRVFLGWF,2,"R4D,V5M","4,5",0.719436,,1
366,366_0090,SKVDNFLGWF,SKVRVFLGWF,2,"R4D,V5N","4,5",0.638633,,1
366,366_0091,SKVDPFLGWF,SKVRVFLGWF,2,"R4D,V5P","4,5",0.443161,,1
366,366_0092,SKVDQFLGWF,SKVRVFLGWF,2,"R4D,V5Q","4,5",0.655403,,1
366,366_0093,SKVDRFLGWF,SKVRVFLGWF,2,"R4D,V5R","4,5",0.662347,,1
366,366_0094,SKVDSFLGWF,SKVRVFLGWF,2,"R4D,V5S","4,5",0.590934,,1
366,366_0095,SKVDTFLGWF,SKVRVFLGWF,2,"R4D,V5T","4,5",0.740551,,1
366,366_0096,SKVDVFLGWF,SKVRVFLGWF,1,R4D,4,0.723946,,1
366,366_0097,SKVDWFLGWF,SKVRVFLGWF,2,"R4D,V5W","4,5",0.529548,,1
366,366_0098,SKVDYFLGWF,SKVRVFLGWF,2,"R4D,V5Y","4,5",0.595955,,1
366,366_0099,SKVEAFLGWF,SKVRVFLGWF,2,"R4E,V5A","4,5",0.725501,,1
366,366_0100,SKVECFLGWF,SKVRVFLGWF,2,"R4E,V5C","4,5",0.791252,,1
366,366_0101,SKVEDFLGWF,SKVRVFLGWF,2,"R4E,V5D","4,5",0.805653,,1
366,366_0102,SKVEEFLGWF,SKVRVFLGWF,2,"R4E,V5E","4,5",0.873576,,1
366,366_0103,SKVEFFLGWF,SKVRVFLGWF,2,"R4E,V5F","4,5",0.802906,,1
366,366_0104,SKVEGFLGWF,SKVRVFLGWF,2,"R4E,V5G","4,5",0.678487,,1
366,366_0105,SKVEHFLGWF,SKVRVFLGWF,2,"R4E,V5H","4,5",0.831806,,1
366,366_0106,SKVEIFLGWF,SKVRVFLGWF,2,"R4E,V5I","4,5",0.80175,,1
366,366_0107,SKVEKFLGWF,SKVRVFLGWF,2,"R4E,V5K","4,5",0.825013,,1
366,366_0108,SKVELFLGWF,SKVRVFLGWF,2,"R4E,V5L","4,5",0.786338,,1
366,366_0109,SKVEMFLGWF,SKVRVFLGWF,2,"R4E,V5M","4,5",0.861175,,1
366,366_0110,SKVENFLGWF,SKVRVFLGWF,2,"R4E,V5N","4,5",0.81759,,1
366,366_0111,SKVEQFLGWF,SKVRVFLGWF,2,"R4E,V5Q","4,5",0.830137,,1
366,366_0112,SKVERFLGWF,SKVRVFLGWF,2,"R4E,V5R","4,5",0.851768,,1
366,366_0113,SKVESFLGWF,SKVRVFLGWF,2,"R4E,V5S","4,5",0.827405,,1
366,366_0114,SKVETFLGWF,SKVRVFLGWF,2,"R4E,V5T","4,5",0.867872,,1
366,366_0115,SKVEVFLGWF,SKVRVFLGWF,1,R4E,4,0.882747,,1
366,366_0116,SKVEWFLGWF,SKVRVFLGWF,2,"R4E,V5W","4,5",0.765175,,1
366,366_0117,SKVEYFLGWF,SKVRVFLGWF,2,"R4E,V5Y","4,5",0.837728,,1
366,366_0118,SKVFAFLGWF,SKVRVFLGWF,2,"R4F,V5A","4,5",0.701318,,1
366,366_0119,SKVFCFLGWF,SKVRVFLGWF,2,"R4F,V5C","4,5",0.663319,,1
366,366_0120,SKVFDFLGWF,SKVRVFLGWF,2,"R4F,V5D","4,5",0.716993,,1
366,366_0121,SKVFEFLGWF,SKVRVFLGWF,2,"R4F,V5E","4,5",0.846069,,1
366,366_0122,SKVFFFLGWF,SKVRVFLGWF,2,"R4F,V5F","4,5",0.343402,,1
366,366_0123,SKVFGFLGWF,SKVRVFLGWF,2,"R4F,V5G","4,5",0.590716,,1
366,366_0124,SKVFHFLGWF,SKVRVFLGWF,2,"R4F,V5H","4,5",0.753799,,1
366,366_0125,SKVFIFLGWF,SKVRVFLGWF,2,"R4F,V5I","4,5",0.622914,,1
366,366_0126,SKVFKFLGWF,SKVRVFLGWF,2,"R4F,V5K","4,5",0.789089,,1
366,366_0127,SKVFLFLGWF,SKVRVFLGWF,2,"R4F,V5L","4,5",0.576903,0.0,2
366,366_0128,SKVFMFLGWF,SKVRVFLGWF,2,"R4F,V5M","4,5",0.73614,,1
366,366_0129,SKVFNFLGWF,SKVRVFLGWF,2,"R4F,V5N","4,5",0.717033,,1
366,366_0130,SKVFPFLGWF,SKVRVFLGWF,2,"R4F,V5P","4,5",0.320298,,1
366,366_0131,SKVFQFLGWF,SKVRVFLGWF,2,"R4F,V5Q","4,5",0.797508,,1
366,366_0132,SKVFRFLGWF,SKVRVFLGWF,2,"R4F,V5R","4,5",0.745094,,1
366,366_0133,SKVFSFLGWF,SKVRVFLGWF,2,"R4F,V5S","4,5",0.635312,,1
366,366_0134,SKVFTFLGWF,SKVRVFLGWF,2,"R4F,V5T","4,5",0.786898,,1
366,366_0135,SKVFVFLGWF,SKVRVFLGWF,1,R4F,4,0.698356,,1
366,366_0136,SKVFWFLGWF,SKVRVFLGWF,2,"R4F,V5W","4,5",0.49566,,1
366,366_0137,SKVFYFLGWF,SKVRVFLGWF,2,"R4F,V5Y","4,5",0.564961,,1
366,366_0138,SKVGAFLGWF,SKVRVFLGWF,2,"R4G,V5A","4,5",0.704387,,1
366,366_0139,SKVGCFLGWF,SKVRVFLGWF,2,"R4G,V5C","4,5",0.695878,,1
366,366_0140,SKVGDFLGWF,SKVRVFLGWF,2,"R4G,V5D","4,5",0.663381,,1
366,366_0141,SKVGEFLGWF,SKVRVFLGWF,2,"R4G,V5E","4,5",0.787718,,1
366,366_0142,SKVGFFLGWF,SKVRVFLGWF,2,"R4G,V5F","4,5",0.592055,,1
366,366_0143,SKVGGFLGWF,SKVRVFLGWF,2,"R4G,V5G","4,5",0.587931,0.0,2
366,366_0144,SKVGHFLGWF,SKVRVFLGWF,2,"R4G,V5H","4,5",0.704435,,1
366,366_0145,SKVGIFLGWF,SKVRVFLGWF,2,"R4G,V5I","4,5",0.744743,,1
366,366_0146,SKVGKFLGWF,SKVRVFLGWF,2,"R4G,V5K","4,5",0.763908,,1
366,366_0147,SKVGLFLGWF,SKVRVFLGWF,2,"R4G,V5L","4,5",0.665146,,1
366,366_0148,SKVGMFLGWF,SKVRVFLGWF,2,"R4G,V5M","4,5",0.743796,,1
366,366_0149,SKVGNFLGWF,SKVRVFLGWF,2,"R4G,V5N","4,5",0.730279,,1
366,366_0150,SKVGPFLGWF,SKVRVFLGWF,2,"R4G,V5P","4,5",0.363922,,1
366,366_0151,SKVGQFLGWF,SKVRVFLGWF,2,"R4G,V5Q","4,5",0.780708,,1
366,366_0152,SKVGRFLGWF,SKVRVFLGWF,2,"R4G,V5R","4,5",0.735659,,1
366,366_0153,SKVGSFLGWF,SKVRVFLGWF,2,"R4G,V5S","4,5",0.688917,,1
366,366_0154,SKVGTFLGWF,SKVRVFLGWF,2,"R4G,V5T","4,5",0.761889,,1
366,366_0155,SKVGVFLGWF,SKVRVFLGWF,1,R4G,4,0.743944,0.0,2
366,366_0156,SKVGWFLGWF,SKVRVFLGWF,2,"R4G,V5W","4,5",0.556393,,1
366,366_0157,SKVGYFLGWF,SKVRVFLGWF,2,"R4G,V5Y","4,5",0.658417,,1
366,366_0158,SKVHCFLGWF,SKVRVFLGWF,2,"R4H,V5C","4,5",0.705004,,1
366,366_0159,SKVHDFLGWF,SKVRVFLGWF,2,"R4H,V5D","4,5",0.717399,,1
366,366_0160,SKVHEFLGWF,SKVRVFLGWF,2,"R4H,V5E","4,5",0.807226,,1
366,366_0161,SKVHFFLGWF,SKVRVFLGWF,2,"R4H,V5F","4,5",0.701663,,1
366,366_0162,SKVHGFLGWF,SKVRVFLGWF,2,"R4H,V5G","4,5",0.535083,,1
366,366_0163,SKVHIFLGWF,SKVRVFLGWF,2,"R4H,V5I","4,5",0.743027,,1
366,366_0164,SKVHKFLGWF,SKVRVFLGWF,2,"R4H,V5K","4,5",0.811835,,1
366,366_0165,SKVHLFLGWF,SKVRVFLGWF,2,"R4H,V5L","4,5",0.680421,,1
366,366_0166,SKVHMFLGWF,SKVRVFLGWF,2,"R4H,V5M","4,5",0.736911,,1
366,366_0167,SKVHNFLGWF,SKVRVFLGWF,2,"R4H,V5N","4,5",0.745287,,1
366,366_0168,SKVHRFLGWF,SKVRVFLGWF,2,"R4H,V5R","4,5",0.722041,,1
366,366_0169,SKVHSFLGWF,SKVRVFLGWF,2,"R4H,V5S","4,5",0.68879,,1
366,366_0170,SKVHVFLGWF,SKVRVFLGWF,1,R4H,4,0.746057,,1
366,366_0171,SKVHWFLGWF,SKVRVFLGWF,2,"R4H,V5W","4,5",0.596035,,1
366,366_0172,SKVHYFLGWF,SKVRVFLGWF,2,"R4H,V5Y","4,5",0.692623,,1
366,366_0173,SKVIAFLGWF,SKVRVFLGWF,2,"R4I,V5A","4,5",0.780985,,1
366,366_0174,SKVICFLGWF,SKVRVFLGWF,2,"R4I,V5C","4,5",0.866571,,1
366,366_0175,SKVIDFLGWF,SKVRVFLGWF,2,"R4I,V5D","4,5",0.844198,,1
366,366_0176,SKVIEFLGWF,SKVRVFLGWF,2,"R4I,V5E","4,5",0.960541,,1
366,366_0177,SKVIFFLGWF,SKVRVFLGWF,2,"R4I,V5F","4,5",0.712119,,1
366,366_0178,SKVIGFLGWF,SKVRVFLGWF,2,"R4I,V5G","4,5",0.711331,,1
366,366_0179,SKVIHFLGWF,SKVRVFLGWF,2,"R4I,V5H","4,5",0.84169,,1
366,366_0180,SKVIIFLGWF,SKVRVFLGWF,2,"R4I,V5I","4,5",0.789641,,1
366,366_0181,SKVIKFLGWF,SKVRVFLGWF,2,"R4I,V5K","4,5",0.920217,,1
366,366_0182,SKVILFLGWF,SKVRVFLGWF,2,"R4I,V5L","4,5",0.766114,,1
366,366_0183,SKVIMFLGWF,SKVRVFLGWF,2,"R4I,V5M","4,5",0.858424,,1
366,366_0184,SKVINFLGWF,SKVRVFLGWF,2,"R4I,V5N","4,5",0.908415,,1
366,366_0185,SKVIPFLGWF,SKVRVFLGWF,2,"R4I,V5P","4,5",0.42051,,1
366,366_0186,SKVIQFLGWF,SKVRVFLGWF,2,"R4I,V5Q","4,5",0.886107,,1
366,366_0187,SKVIRFLGWF,SKVRVFLGWF,2,"R4I,V5R","4,5",0.837951,,1
366,366_0188,SKVISFLGWF,SKVRVFLGWF,2,"R4I,V5S","4,5",0.826221,,1
366,366_0189,SKVITFLGWF,SKVRVFLGWF,2,"R4I,V5T","4,5",0.897733,,1
366,366_0190,SKVIVFLGWF,SKVRVFLGWF,1,R4I,4,0.829024,,1
366,366_0191,SKVIWFLGWF,SKVRVFLGWF,2,"R4I,V5W","4,5",0.737083,,1
366,366_0192,SKVIYFLGWF,SKVRVFLGWF,2,"R4I,V5Y","4,5",0.792476,,1
366,366_0193,SKVKAFLGWF,SKVRVFLGWF,2,"R4K,V5A","4,5",0.651685,,1
366,366_0194,SKVKCFLGWF,SKVRVFLGWF,2,"R4K,V5C","4,5",0.750538,,1
366,366_0195,SKVKDFLGWF,SKVRVFLGWF,2,"R4K,V5D","4,5",0.642573,,1
366,366_0196,SKVKEFLGWF,SKVRVFLGWF,2,"R4K,V5E","4,5",0.821058,,1
366,366_0197,SKVKFFLGWF,SKVRVFLGWF,2,"R4K,V5F","4,5",0.68454,,1
366,366_0198,SKVKGFLGWF,SKVRVFLGWF,2,"R4K,V5G","4,5",0.585247,,1
366,366_0199,SKVKHFLGWF,SKVRVFLGWF,2,"R4K,V5H","4,5",0.754551,,1
366,366_0200,SKVKIFLGWF,SKVRVFLGWF,2,"R4K,V5I","4,5",0.780719,,1
366,366_0201,SKVKKFLGWF,SKVRVFLGWF,2,"R4K,V5K","4,5",0.799763,,1
366,366_0202,SKVKLFLGWF,SKVRVFLGWF,2,"R4K,V5L","4,5",0.74996,,1
366,366_0203,SKVKMFLGWF,SKVRVFLGWF,2,"R4K,V5M","4,5",0.748258,,1
366,366_0204,SKVKNFLGWF,SKVRVFLGWF,2,"R4K,V5N","4,5",0.701358,,1
366,366_0205,SKVKQFLGWF,SKVRVFLGWF,2,"R4K,V5Q","4,5",0.736486,,1
366,366_0206,SKVKRFLGWF,SKVRVFLGWF,2,"R4K,V5R","4,5",0.795299,,1
366,366_0207,SKVKSFLGWF,SKVRVFLGWF,2,"R4K,V5S","4,5",0.724013,,1
366,366_0208,SKVKTFLGWF,SKVRVFLGWF,2,"R4K,V5T","4,5",0.802983,,1
366,366_0209,SKVKVFLGWF,SKVRVFLGWF,1,R4K,4,0.769895,,1
366,366_0210,SKVKWFLGWF,SKVRVFLGWF,2,"R4K,V5W","4,5",0.645772,,1
366,366_0211,SKVKYFLGWF,SKVRVFLGWF,2,"R4K,V5Y","4,5",0.764534,,1
366,366_0212,SKVLAFLGWF,SKVRVFLGWF,2,"R4L,V5A","4,5",0.652423,,1
366,366_0213,SKVLCFLGWF,SKVRVFLGWF,2,"R4L,V5C","4,5",0.647087,,1
366,366_0214,SKVLDFLGWF,SKVRVFLGWF,2,"R4L,V5D","4,5",0.669025,,1
366,366_0215,SKVLEFLGWF,SKVRVFLGWF,2,"R4L,V5E","4,5",0.814773,,1
366,366_0216,SKVLFFLGWF,SKVRVFLGWF,2,"R4L,V5F","4,5",0.475047,,1
366,366_0217,SKVLGFLGWF,SKVRVFLGWF,2,"R4L,V5G","4,5",0.586703,,1
366,366_0218,SKVLHFLGWF,SKVRVFLGWF,2,"R4L,V5H","4,5",0.693409,,1
366,366_0219,SKVLIFLGWF,SKVRVFLGWF,2,"R4L,V5I","4,5",0.641127,,1
366,366_0220,SKVLKFLGWF,SKVRVFLGWF,2,"R4L,V5K","4,5",0.79074,,1
366,366_0221,SKVLLFLGWF,SKVRVFLGWF,2,"R4L,V5L","4,5",0.599279,,1
366,366_0222,SKVLMFLGWF,SKVRVFLGWF,2,"R4L,V5M","4,5",0.672328,,1
366,366_0223,SKVLNFLGWF,SKVRVFLGWF,2,"R4L,V5N","4,5",0.672636,,1
366,366_0224,SKVLPFLGWF,SKVRVFLGWF,2,"R4L,V5P","4,5",0.338412,,1
366,366_0225,SKVLQFLGWF,SKVRVFLGWF,2,"R4L,V5Q","4,5",0.755159,,1
366,366_0226,SKVLRFLGWF,SKVRVFLGWF,2,"R4L,V5R","4,5",0.726001,,1
366,366_0227,SKVLSFLGWF,SKVRVFLGWF,2,"R4L,V5S","4,5",0.652832,,1
366,366_0228,SKVLTFLGWF,SKVRVFLGWF,2,"R4L,V5T","4,5",0.782574,,1
366,366_0229,SKVLVFLGWF,SKVRVFLGWF,1,R4L,4,0.681204,,1
366,366_0230,SKVLWFLGWF,SKVRVFLGWF,2,"R4L,V5W","4,5",0.52977,,1
366,366_0231,SKVLYFLGWF,SKVRVFLGWF,2,"R4L,V5Y","4,5",0.571898,,1
366,366_0232,SKVMAFLGWF,SKVRVFLGWF,2,"R4M,V5A","4,5",0.690009,,1
366,366_0233,SKVMCFLGWF,SKVRVFLGWF,2,"R4M,V5C","4,5",0.764589,,1
366,366_0234,SKVMDFLGWF,SKVRVFLGWF,2,"R4M,V5D","4,5",0.786376,,1
366,366_0235,SKVMEFLGWF,SKVRVFLGWF,2,"R4M,V5E","4,5",0.832164,,1
366,366_0236,SKVMFFLGWF,SKVRVFLGWF,2,"R4M,V5F","4,5",0.655463,,1
366,366_0237,SKVMGFLGWF,SKVRVFLGWF,2,"R4M,V5G","4,5",0.63511,,1
366,366_0238,SKVMHFLGWF,SKVRVFLGWF,2,"R4M,V5H","4,5",0.778157,,1
366,366_0239,SKVMIFLGWF,SKVRVFLGWF,2,"R4M,V5I","4,5",0.738581,,1
366,366_0240,SKVMKFLGWF,SKVRVFLGWF,2,"R4M,V5K","4,5",0.80889,,1
366,366_0241,SKVMLFLGWF,SKVRVFLGWF,2,"R4M,V5L","4,5",0.696747,,1
366,366_0242,SKVMMFLGWF,SKVRVFLGWF,2,"R4M,V5M","4,5",0.799675,,1
366,366_0243,SKVMNFLGWF,SKVRVFLGWF,2,"R4M,V5N","4,5",0.777445,,1
366,366_0244,SKVMPFLGWF,SKVRVFLGWF,2,"R4M,V5P","4,5",0.246173,,1
366,366_0245,SKVMQFLGWF,SKVRVFLGWF,2,"R4M,V5Q","4,5",0.796045,,1
366,366_0246,SKVMRFLGWF,SKVRVFLGWF,2,"R4M,V5R","4,5",0.796315,,1
366,366_0247,SKVMSFLGWF,SKVRVFLGWF,2,"R4M,V5S","4,5",0.748566,,1
366,366_0248,SKVMTFLGWF,SKVRVFLGWF,2,"R4M,V5T","4,5",0.823507,,1
366,366_0249,SKVMVFLGWF,SKVRVFLGWF,1,R4M,4,0.759248,,1
366,366_0250,SKVMWFLGWF,SKVRVFLGWF,2,"R4M,V5W","4,5",0.633408,,1
366,366_0251,SKVMYFLGWF,SKVRVFLGWF,2,"R4M,V5Y","4,5",0.758257,,1
366,366_0252,SKVNAFLGWF,SKVRVFLGWF,2,"R4N,V5A","4,5",0.625751,,1
366,366_0253,SKVNCFLGWF,SKVRVFLGWF,2,"R4N,V5C","4,5",0.72447,,1
366,366_0254,SKVNDFLGWF,SKVRVFLGWF,2,"R4N,V5D","4,5",0.577858,,1
366,366_0255,SKVNEFLGWF,SKVRVFLGWF,2,"R4N,V5E","4,5",0.797647,,1
366,366_0256,SKVNFFLGWF,SKVRVFLGWF,2,"R4N,V5F","4,5",0.627423,,1
366,366_0257,SKVNGFLGWF,SKVRVFLGWF,2,"R4N,V5G","4,5",0.592524,,1
366,366_0258,SKVNHFLGWF,SKVRVFLGWF,2,"R4N,V5H","4,5",0.697191,,1
366,366_0259,SKVNIFLGWF,SKVRVFLGWF,2,"R4N,V5I","4,5",0.774445,,1
366,366_0260,SKVNKFLGWF,SKVRVFLGWF,2,"R4N,V5K","4,5",0.725319,,1
366,366_0261,SKVNLFLGWF,SKVRVFLGWF,2,"R4N,V5L","4,5",0.702947,,1
366,366_0262,SKVNMFLGWF,SKVRVFLGWF,2,"R4N,V5M","4,5",0.745402,,1
366,366_0263,SKVNNFLGWF,SKVRVFLGWF,2,"R4N,V5N","4,5",0.672933,,1
366,366_0264,SKVNQFLGWF,SKVRVFLGWF,2,"R4N,V5Q","4,5",0.680979,,1
366,366_0265,SKVNRFLGWF,SKVRVFLGWF,2,"R4N,V5R","4,5",0.734593,,1
366,366_0266,SKVNSFLGWF,SKVRVFLGWF,2,"R4N,V5S","4,5",0.65418,,1
366,366_0267,SKVNTFLGWF,SKVRVFLGWF,2,"R4N,V5T","4,5",0.785147,,1
366,366_0268,SKVNVFLGWF,SKVRVFLGWF,1,R4N,4,0.780198,0.0,2
366,366_0269,SKVNWFLGWF,SKVRVFLGWF,2,"R4N,V5W","4,5",0.578223,,1
366,366_0270,SKVNYFLGWF,SKVRVFLGWF,2,"R4N,V5Y","4,5",0.673277,,1
366,366_0271,SKVPFFLGWF,SKVRVFLGWF,2,"R4P,V5F","4,5",0.4734,,1
366,366_0272,SKVPGFLGWF,SKVRVFLGWF,2,"R4P,V5G","4,5",0.457528,,1
366,366_0273,SKVPLFLGWF,SKVRVFLGWF,2,"R4P,V5L","4,5",0.571038,,1
366,366_0274,SKVPMFLGWF,SKVRVFLGWF,2,"R4P,V5M","4,5",0.671593,,1
366,366_0275,SKVPVFLGWF,SKVRVFLGWF,1,R4P,4,0.691957,,1
366,366_0276,SKVPWFLGWF,SKVRVFLGWF,2,"R4P,V5W","4,5",0.455491,,1
366,366_0277,SKVPYFLGWF,SKVRVFLGWF,2,"R4P,V5Y","4,5",0.637235,,1
366,366_0278,SKVQAFLGWF,SKVRVFLGWF,2,"R4Q,V5A","4,5",0.65203,,1
366,366_0279,SKVQCFLGWF,SKVRVFLGWF,2,"R4Q,V5C","4,5",0.719634,,1
366,366_0280,SKVQDFLGWF,SKVRVFLGWF,2,"R4Q,V5D","4,5",0.643835,,1
366,366_0281,SKVQEFLGWF,SKVRVFLGWF,2,"R4Q,V5E","4,5",0.786748,,1
366,366_0282,SKVQFFLGWF,SKVRVFLGWF,2,"R4Q,V5F","4,5",0.623054,,1
366,366_0283,SKVQGFLGWF,SKVRVFLGWF,2,"R4Q,V5G","4,5",0.556983,,1
366,366_0284,SKVQIFLGWF,SKVRVFLGWF,2,"R4Q,V5I","4,5",0.704222,,1
366,366_0285,SKVQKFLGWF,SKVRVFLGWF,2,"R4Q,V5K","4,5",0.743439,,1
366,366_0286,SKVQLFLGWF,SKVRVFLGWF,2,"R4Q,V5L","4,5",0.664356,,1
366,366_0287,SKVQMFLGWF,SKVRVFLGWF,2,"R4Q,V5M","4,5",0.707184,,1
366,366_0288,SKVQNFLGWF,SKVRVFLGWF,2,"R4Q,V5N","4,5",0.729966,,1
366,366_0289,SKVQRFLGWF,SKVRVFLGWF,2,"R4Q,V5R","4,5",0.707187,,1
366,366_0290,SKVQSFLGWF,SKVRVFLGWF,2,"R4Q,V5S","4,5",0.731568,,1
366,366_0291,SKVQVFLGWF,SKVRVFLGWF,1,R4Q,4,0.794488,,1
366,366_0292,SKVQWFLGWF,SKVRVFLGWF,2,"R4Q,V5W","4,5",0.571826,,1
366,366_0293,SKVQYFLGWF,SKVRVFLGWF,2,"R4Q,V5Y","4,5",0.696437,,1
366,366_0294,SKVRAFLGWF,SKVRVFLGWF,1,V5A,5,0.679016,,1
366,366_0295,SKVRCFLGWF,SKVRVFLGWF,1,V5C,5,0.748267,,1
366,366_0296,SKVRDFLGWF,SKVRVFLGWF,1,V5D,5,0.732021,,1
366,366_0297,SKVREFLGWF,SKVRVFLGWF,1,V5E,5,0.838768,,1
366,366_0298,SKVRFFLGWF,SKVRVFLGWF,1,V5F,5,0.621141,,1
366,366_0299,SKVRGFLGWF,SKVRVFLGWF,1,V5G,5,0.588867,,1
366,366_0300,SKVRHFLGWF,SKVRVFLGWF,1,V5H,5,0.727736,,1
366,366_0301,SKVRIFLGWF,SKVRVFLGWF,1,V5I,5,0.788307,,1
366,366_0302,SKVRKFLGWF,SKVRVFLGWF,1,V5K,5,0.843663,,1
366,366_0303,SKVRLFLGWF,SKVRVFLGWF,1,V5L,5,0.699596,,1
366,366_0304,SKVRMFLGWF,SKVRVFLGWF,1,V5M,5,0.774463,,1
366,366_0305,SKVRNFLGWF,SKVRVFLGWF,1,V5N,5,0.7756,,1
366,366_0306,SKVRQFLGWF,SKVRVFLGWF,1,V5Q,5,0.743292,,1
366,366_0307,SKVRRFLGWF,SKVRVFLGWF,1,V5R,5,0.749036,,1
366,366_0308,SKVRSFLGWF,SKVRVFLGWF,1,V5S,5,0.691717,,1
366,366_0309,SKVRTFLGWF,SKVRVFLGWF,1,V5T,5,0.794795,,1
366,366_0310,SKVRVALGWF,SKVRVFLGWF,1,F6A,6,0.370164,,1
366,366_0311,SKVRVCLGWF,SKVRVFLGWF,1,F6C,6,0.447952,,1
366,366_0312,SKVRVDLGWF,SKVRVFLGWF,1,F6D,6,0.598297,,1
366,366_0313,SKVRVELGWF,SKVRVFLGWF,1,F6E,6,0.508698,,1
366,366_0314,SKVRVFAGWF,SKVRVFLGWF,1,L7A,7,0.569746,,1
366,366_0315,SKVRVFCGWF,SKVRVFLGWF,1,L7C,7,0.555817,,1
366,366_0316,SKVRVFDGWF,SKVRVFLGWF,1,L7D,7,0.564007,,1
366,366_0317,SKVRVFEGWF,SKVRVFLGWF,1,L7E,7,0.702632,,1
366,366_0318,SKVRVFFGWF,SKVRVFLGWF,1,L7F,7,0.550469,,1
366,366_0319,SKVRVFGGWF,SKVRVFLGWF,1,L7G,7,0.560283,,1
366,366_0320,SKVRVFHGWF,SKVRVFLGWF,1,L7H,7,0.66942,,1
366,366_0321,SKVRVFIGWF,SKVRVFLGWF,1,L7I,7,0.694175,,1
366,366_0322,SKVRVFKGWF,SKVRVFLGWF,1,L7K,7,0.546036,,1
366,366_0323,SKVRVFLAWF,SKVRVFLGWF,1,G8A,8,0.151113,,1
366,366_0324,SKVRVFLCWF,SKVRVFLGWF,1,G8C,8,0.125242,,1
366,366_0325,SKVRVFLDWF,SKVRVFLGWF,1,G8D,8,0.168515,,1
366,366_0326,SKVRVFLEWF,SKVRVFLGWF,1,G8E,8,0.141258,,1
366,366_0327,SKVRVFLFWF,SKVRVFLGWF,1,G8F,8,0.052814,,1
366,366_0328,SKVRVFLGAF,SKVRVFLGWF,1,W9A,9,0.305834,,1
366,366_0329,SKVRVFLGCF,SKVRVFLGWF,1,W9C,9,0.277766,,1
366,366_0330,SKVRVFLGDF,SKVRVFLGWF,1,W9D,9,0.368288,,1
366,366_0331,SKVRVFLGEF,SKVRVFLGWF,1,W9E,9,0.3659,,1
366,366_0332,SKVRVFLGFF,SKVRVFLGWF,1,W9F,9,0.289963,,1
366,366_0333,SKVRVFLGGF,SKVRVFLGWF,1,W9G,9,0.273526,,1
366,366_0334,SKVRVFLGHF,SKVRVFLGWF,1,W9H,9,0.363092,,1
366,366_0335,SKVRVFLGIF,SKVRVFLGWF,1,W9I,9,0.240202,,1
366,366_0336,SKVRVFLGKF,SKVRVFLGWF,1,W9K,9,0.276525,,1
366,366_0337,SKVRVFLGLF,SKVRVFLGWF,1,W9L,9,0.246597,,1
366,366_0338,SKVRVFLGMF,SKVRVFLGWF,1,W9M,9,0.305582,,1
366,366_0339,SKVRVFLGNF,SKVRVFLGWF,1,W9N,9,0.342226,,1
366,366_0340,SKVRVFLGPF,SKVRVFLGWF,1,W9P,9,0.260023,,1
366,366_0341,SKVRVFLGQF,SKVRVFLGWF,1,W9Q,9,0.289528,,1
366,366_0342,SKVRVFLGRF,SKVRVFLGWF,1,W9R,9,0.256972,,1
366,366_0343,SKVRVFLGSF,SKVRVFLGWF,1,W9S,9,0.285434,,1
366,366_0344,SKVRVFLGTF,SKVRVFLGWF,1,W9T,9,0.299866,,1
366,366_0345,SKVRVFLGVF,SKVRVFLGWF,1,W9V,9,0.284122,,1
366,366_0346,SKVRVFLGWA,SKVRVFLGWF,1,F10A,10,0.307756,,1
366,366_0347,SKVRVFLGWC,SKVRVFLGWF,1,F10C,10,0.327818,,1
366,366_0348,SKVRVFLGWD,SKVRVFLGWF,1,F10D,10,0.281913,,1
366,366_0349,SKVRVFLGWE,SKVRVFLGWF,1,F10E,10,0.302286,,1
366,366_0350,SKVRVFLGWG,SKVRVFLGWF,1,F10G,10,0.296532,,1
366,366_0351,SKVRVFLGWH,SKVRVFLGWF,1,F10H,10,0.31729,,1
366,366_0352,SKVRVFLGWI,SKVRVFLGWF,1,F10I,10,0.307183,,1
366,366_0353,SKVRVFLGWK,SKVRVFLGWF,1,F10K,10,0.252753,,1
366,366_0354,SKVRVFLGWL,SKVRVFLGWF,1,F10L,10,0.287831,,1
366,366_0355,SKVRVFLGWM,SKVRVFLGWF,1,F10M,10,0.298629,,1
366,366_0356,SKVRVFLGWN,SKVRVFLGWF,1,F10N,10,0.303164,,1
366,366_0357,SKVRVFLGWP,SKVRVFLGWF,1,F10P,10,0.282147,,1
366,366_0358,SKVRVFLGWQ,SKVRVFLGWF,1,F10Q,10,0.274054,,1
366,366_0359,SKVRVFLGWR,SKVRVFLGWF,1,F10R,10,0.299929,,1
366,366_0360,SKVRVFLGWS,SKVRVFLGWF,1,F10S,10,0.266555,,1
366,366_0361,SKVRVFLGWT,SKVRVFLGWF,1,F10T,10,0.288582,,1
366,366_0362,SKVRVFLGWV,SKVRVFLGWF,1,F10V,10,0.364168,,1
366,366_0363,SKVRVFLGWW,SKVRVFLGWF,1,F10W,10,0.486911,,1
366,366_0364,SKVRVFLGWY,SKVRVFLGWF,1,F10Y,10,0.450197,,1
366,366_0365,SKVRVFLGYF,SKVRVFLGWF,1,W9Y,9,0.319676,,1
366,366_0366,SKVRVFLHWF,SKVRVFLGWF,1,G8H,8,0.121633,,1
366,366_0367,SKVRVFLIWF,SKVRVFLGWF,1,G8I,8,0.076793,,1
366,366_0368,SKVRVFLKWF,SKVRVFLGWF,1,G8K,8,0.127597,,1
366,366_0369,SKVRVFLLWF,SKVRVFLGWF,1,G8L,8,0.130482,,1
366,366_0370,SKVRVFLMWF,SKVRVFLGWF,1,G8M,8,0.143739,,1
366,366_0371,SKVRVFLNWF,SKVRVFLGWF,1,G8N,8,0.134664,,1
366,366_0372,SKVRVFLPWF,SKVRVFLGWF,1,G8P,8,0.157009,,1
366,366_0373,SKVRVFLQWF,SKVRVFLGWF,1,G8Q,8,0.176228,,1
366,366_0374,SKVRVFLRWF,SKVRVFLGWF,1,G8R,8,0.156091,,1
366,366_0375,SKVRVFLSWF,SKVRVFLGWF,1,G8S,8,0.119754,,1
366,366_0376,SKVRVFLTWF,SKVRVFLGWF,1,G8T,8,0.158643,,1
366,366_0377,SKVRVFLVWF,SKVRVFLGWF,1,G8V,8,0.15727,,1
366,366_0378,SKVRVFLWWF,SKVRVFLGWF,1,G8W,8,0.094749,,1
366,366_0379,SKVRVFLYWF,SKVRVFLGWF,1,G8Y,8,0.09797,,1
366,366_0380,SKVRVFMGWF,SKVRVFLGWF,1,L7M,7,0.673206,,1
366,366_0381,SKVRVFNGWF,SKVRVFLGWF,1,L7N,7,0.589286,,1
366,366_0382,SKVRVFPGWF,SKVRVFLGWF,1,L7P,7,0.576004,,1
366,366_0383,SKVRVFQGWF,SKVRVFLGWF,1,L7Q,7,0.549856,,1
366,366_0384,SKVRVFRGWF,SKVRVFLGWF,1,L7R,7,0.552999,,1
366,366_0385,SKVRVFSGWF,SKVRVFLGWF,1,L7S,7,0.570015,,1
366,366_0386,SKVRVFTGWF,SKVRVFLGWF,1,L7T,7,0.589917,,1
366,366_0387,SKVRVFVGWF,SKVRVFLGWF,1,L7V,7,0.657399,,1
366,366_0388,SKVRVFWGWF,SKVRVFLGWF,1,L7W,7,0.596033,,1
366,366_0389,SKVRVFYGWF,SKVRVFLGWF,1,L7Y,7,0.617138,,1
366,366_0390,SKVRVGLGWF,SKVRVFLGWF,1,F6G,6,0.306908,,1
366,366_0391,SKVRVHLGWF,SKVRVFLGWF,1,F6H,6,0.421389,,1
366,366_0392,SKVRVILGWF,SKVRVFLGWF,1,F6I,6,0.287121,,1
366,366_0393,SKVRVKLGWF,SKVRVFLGWF,1,F6K,6,0.320442,,1
366,366_0394,SKVRVLLGWF,SKVRVFLGWF,1,F6L,6,0.375046,,1
366,366_0395,SKVRVMLGWF,SKVRVFLGWF,1,F6M,6,0.460207,,1
366,366_0396,SKVRVNLGWF,SKVRVFLGWF,1,F6N,6,0.490874,,1
366,366_0397,SKVRVPLGWF,SKVRVFLGWF,1,F6P,6,0.344765,,1
366,366_0398,SKVRVQLGWF,SKVRVFLGWF,1,F6Q,6,0.431491,,1
366,366_0399,SKVRVRLGWF,SKVRVFLGWF,1,F6R,6,0.297005,,1
366,366_0400,SKVRVSLGWF,SKVRVFLGWF,1,F6S,6,0.376618,,1
366,366_0401,SKVRVTLGWF,SKVRVFLGWF,1,F6T,6,0.321829,,1
366,366_0402,SKVRVVLGWF,SKVRVFLGWF,1,F6V,6,0.43269,,1
366,366_0403,SKVRVWLGWF,SKVRVFLGWF,1,F6W,6,0.461872,,1
366,366_0404,SKVRVYLGWF,SKVRVFLGWF,1,F6Y,6,0.486768,,1
366,366_0405,SKVRWFLGWF,SKVRVFLGWF,1,V5W,5,0.604217,,1
366,366_0406,SKVRYFLGWF,SKVRVFLGWF,1,V5Y,5,0.705277,,1
366,366_0407,SKVSAFLGWF,SKVRVFLGWF,2,"R4S,V5A","4,5",0.68697,,1
366,366_0408,SKVSCFLGWF,SKVRVFLGWF,2,"R4S,V5C","4,5",0.704332,,1
366,366_0409,SKVSDFLGWF,SKVRVFLGWF,2,"R4S,V5D","4,5",0.639027,,1
366,366_0410,SKVSEFLGWF,SKVRVFLGWF,2,"R4S,V5E","4,5",0.812409,,1
366,366_0411,SKVSFFLGWF,SKVRVFLGWF,2,"R4S,V5F","4,5",0.610472,,1
366,366_0412,SKVSGFLGWF,SKVRVFLGWF,2,"R4S,V5G","4,5",0.55551,,1
366,366_0413,SKVSHFLGWF,SKVRVFLGWF,2,"R4S,V5H","4,5",0.72932,,1
366,366_0414,SKVSIFLGWF,SKVRVFLGWF,2,"R4S,V5I","4,5",0.740672,,1
366,366_0415,SKVSKFLGWF,SKVRVFLGWF,2,"R4S,V5K","4,5",0.726935,,1
366,366_0416,SKVSLFLGWF,SKVRVFLGWF,2,"R4S,V5L","4,5",0.674703,,1
366,366_0417,SKVSMFLGWF,SKVRVFLGWF,2,"R4S,V5M","4,5",0.742384,,1
366,366_0418,SKVSNFLGWF,SKVRVFLGWF,2,"R4S,V5N","4,5",0.68165,,1
366,366_0419,SKVSPFLGWF,SKVRVFLGWF,2,"R4S,V5P","4,5",0.399834,,1
366,366_0420,SKVSQFLGWF,SKVRVFLGWF,2,"R4S,V5Q","4,5",0.742994,,1
366,366_0421,SKVSRFLGWF,SKVRVFLGWF,2,"R4S,V5R","4,5",0.698364,,1
366,366_0422,SKVSSFLGWF,SKVRVFLGWF,2,"R4S,V5S","4,5",0.644027,,1
366,366_0423,SKVSTFLGWF,SKVRVFLGWF,2,"R4S,V5T","4,5",0.790089,,1
366,366_0424,SKVSVFLGWF,SKVRVFLGWF,1,R4S,4,0.78481,,1
366,366_0425,SKVSWFLGWF,SKVRVFLGWF,2,"R4S,V5W","4,5",0.586795,,1
366,366_0426,SKVSYFLGWF,SKVRVFLGWF,2,"R4S,V5Y","4,5",0.686179,,1
366,366_0427,SKVTAFLGWF,SKVRVFLGWF,2,"R4T,V5A","4,5",0.70973,,1
366,366_0428,SKVTCFLGWF,SKVRVFLGWF,2,"R4T,V5C","4,5",0.758986,,1
366,366_0429,SKVTDFLGWF,SKVRVFLGWF,2,"R4T,V5D","4,5",0.723792,,1
366,366_0430,SKVTEFLGWF,SKVRVFLGWF,2,"R4T,V5E","4,5",0.874549,,1
366,366_0431,SKVTFFLGWF,SKVRVFLGWF,2,"R4T,V5F","4,5",0.684003,,1
366,366_0432,SKVTGFLGWF,SKVRVFLGWF,2,"R4T,V5G","4,5",0.622992,,1
366,366_0433,SKVTIFLGWF,SKVRVFLGWF,2,"R4T,V5I","4,5",0.801548,,1
366,366_0434,SKVTKFLGWF,SKVRVFLGWF,2,"R4T,V5K","4,5",0.835223,,1
366,366_0435,SKVTLFLGWF,SKVRVFLGWF,2,"R4T,V5L","4,5",0.799345,,1
366,366_0436,SKVTMFLGWF,SKVRVFLGWF,2,"R4T,V5M","4,5",0.815779,,1
366,366_0437,SKVTNFLGWF,SKVRVFLGWF,2,"R4T,V5N","4,5",0.802959,,1
366,366_0438,SKVTQFLGWF,SKVRVFLGWF,2,"R4T,V5Q","4,5",0.84659,,1
366,366_0439,SKVTRFLGWF,SKVRVFLGWF,2,"R4T,V5R","4,5",0.82915,,1
366,366_0440,SKVTSFLGWF,SKVRVFLGWF,2,"R4T,V5S","4,5",0.769151,,1
366,366_0441,SKVTTFLGWF,SKVRVFLGWF,2,"R4T,V5T","4,5",0.894318,,1
366,366_0442,SKVTVFLGWF,SKVRVFLGWF,1,R4T,4,0.787165,,1
366,366_0443,SKVTWFLGWF,SKVRVFLGWF,2,"R4T,V5W","4,5",0.691033,,1
366,366_0444,SKVTYFLGWF,SKVRVFLGWF,2,"R4T,V5Y","4,5",0.744547,,1
366,366_0445,SKVVAFLGWF,SKVRVFLGWF,2,"R4V,V5A","4,5",0.818864,,1
366,366_0446,SKVVCFLGWF,SKVRVFLGWF,2,"R4V,V5C","4,5",0.859193,,1
366,366_0447,SKVVDFLGWF,SKVRVFLGWF,2,"R4V,V5D","4,5",0.858751,,1
366,366_0448,SKVVEFLGWF,SKVRVFLGWF,2,"R4V,V5E","4,5",0.942737,,1
366,366_0449,SKVVFFLGWF,SKVRVFLGWF,2,"R4V,V5F","4,5",0.724772,,1
366,366_0450,SKVVGFLGWF,SKVRVFLGWF,2,"R4V,V5G","4,5",0.719593,,1
366,366_0451,SKVVHFLGWF,SKVRVFLGWF,2,"R4V,V5H","4,5",0.909436,,1
366,366_0452,SKVVIFLGWF,SKVRVFLGWF,2,"R4V,V5I","4,5",0.824752,,1
366,366_0453,SKVVKFLGWF,SKVRVFLGWF,2,"R4V,V5K","4,5",0.913057,,1
366,366_0454,SKVVLFLGWF,SKVRVFLGWF,2,"R4V,V5L","4,5",0.805672,,1
366,366_0455,SKVVMFLGWF,SKVRVFLGWF,2,"R4V,V5M","4,5",0.875586,,1
366,366_0456,SKVVNFLGWF,SKVRVFLGWF,2,"R4V,V5N","4,5",0.889025,,1
366,366_0457,SKVVPFLGWF,SKVRVFLGWF,2,"R4V,V5P","4,5",0.304173,,1
366,366_0458,SKVVQFLGWF,SKVRVFLGWF,2,"R4V,V5Q","4,5",0.877146,,1
366,366_0459,SKVVRFLGWF,SKVRVFLGWF,2,"R4V,V5R","4,5",0.910203,,1
366,366_0460,SKVVSFLGWF,SKVRVFLGWF,2,"R4V,V5S","4,5",0.857115,,1
366,366_0461,SKVVTFLGWF,SKVRVFLGWF,2,"R4V,V5T","4,5",0.9044,,1
366,366_0462,SKVVVFLGWF,SKVRVFLGWF,1,R4V,4,0.852347,,1
366,366_0463,SKVVWFLGWF,SKVRVFLGWF,2,"R4V,V5W","4,5",0.75516,,1
366,366_0464,SKVVYFLGWF,SKVRVFLGWF,2,"R4V,V5Y","4,5",0.767658,,1
366,366_0465,SKVWAFLGWF,SKVRVFLGWF,2,"R4W,V5A","4,5",0.720938,,1
366,366_0466,SKVWCFLGWF,SKVRVFLGWF,2,"R4W,V5C","4,5",0.755644,,1
366,366_0467,SKVWDFLGWF,SKVRVFLGWF,2,"R4W,V5D","4,5",0.794109,,1
366,366_0468,SKVWEFLGWF,SKVRVFLGWF,2,"R4W,V5E","4,5",0.855911,,1
366,366_0469,SKVWFFLGWF,SKVRVFLGWF,2,"R4W,V5F","4,5",0.652428,,1
366,366_0470,SKVWGFLGWF,SKVRVFLGWF,2,"R4W,V5G","4,5",0.663718,,1
366,366_0471,SKVWHFLGWF,SKVRVFLGWF,2,"R4W,V5H","4,5",0.785443,,1
366,366_0472,SKVWIFLGWF,SKVRVFLGWF,2,"R4W,V5I","4,5",0.781972,,1
366,366_0473,SKVWKFLGWF,SKVRVFLGWF,2,"R4W,V5K","4,5",0.867024,,1
366,366_0474,SKVWLFLGWF,SKVRVFLGWF,2,"R4W,V5L","4,5",0.716576,,1
366,366_0475,SKVWMFLGWF,SKVRVFLGWF,2,"R4W,V5M","4,5",0.795876,,1
366,366_0476,SKVWNFLGWF,SKVRVFLGWF,2,"R4W,V5N","4,5",0.797527,,1
366,366_0477,SKVWPFLGWF,SKVRVFLGWF,2,"R4W,V5P","4,5",0.283199,,1
366,366_0478,SKVWQFLGWF,SKVRVFLGWF,2,"R4W,V5Q","4,5",0.781823,,1
366,366_0479,SKVWRFLGWF,SKVRVFLGWF,2,"R4W,V5R","4,5",0.804751,,1
366,366_0480,SKVWSFLGWF,SKVRVFLGWF,2,"R4W,V5S","4,5",0.752495,,1
366,366_0481,SKVWTFLGWF,SKVRVFLGWF,2,"R4W,V5T","4,5",0.843088,,1
366,366_0482,SKVWVFLGWF,SKVRVFLGWF,1,R4W,4,0.806032,,1
366,366_0483,SKVWWFLGWF,SKVRVFLGWF,2,"R4W,V5W","4,5",0.608786,,1
366,366_0484,SKVWYFLGWF,SKVRVFLGWF,2,"R4W,V5Y","4,5",0.747305,,1
366,366_0485,SKVYAFLGWF,SKVRVFLGWF,2,"R4Y,V5A","4,5",0.685546,,1
366,366_0486,SKVYCFLGWF,SKVRVFLGWF,2,"R4Y,V5C","4,5",0.817872,,1
366,366_0487,SKVYDFLGWF,SKVRVFLGWF,2,"R4Y,V5D","4,5",0.763702,,1
366,366_0488,SKVYEFLGWF,SKVRVFLGWF,2,"R4Y,V5E","4,5",0.914669,,1
366,366_0489,SKVYFFLGWF,SKVRVFLGWF,2,"R4Y,V5F","4,5",0.664681,,1
366,366_0490,SKVYGFLGWF,SKVRVFLGWF,2,"R4Y,V5G","4,5",0.638184,,1
366,366_0491,SKVYHFLGWF,SKVRVFLGWF,2,"R4Y,V5H","4,5",0.796739,,1
366,366_0492,SKVYIFLGWF,SKVRVFLGWF,2,"R4Y,V5I","4,5",0.722151,,1
366,366_0493,SKVYKFLGWF,SKVRVFLGWF,2,"R4Y,V5K","4,5",0.85572,,1
366,366_0494,SKVYLFLGWF,SKVRVFLGWF,2,"R4Y,V5L","4,5",0.743,,1
366,366_0495,SKVYMFLGWF,SKVRVFLGWF,2,"R4Y,V5M","4,5",0.824419,,1
366,366_0496,SKVYNFLGWF,SKVRVFLGWF,2,"R4Y,V5N","4,5",0.815263,,1
366,366_0497,SKVYPFLGWF,SKVRVFLGWF,2,"R4Y,V5P","4,5",0.335932,,1
366,366_0498,SKVYQFLGWF,SKVRVFLGWF,2,"R4Y,V5Q","4,5",0.799031,,1
366,366_0499,SKVYRFLGWF,SKVRVFLGWF,2,"R4Y,V5R","4,5",0.807272,,1
366,366_0500,SKVYSFLGWF,SKVRVFLGWF,2,"R4Y,V5S","4,5",0.724092,,1
366,366_0501,SKVYTFLGWF,SKVRVFLGWF,2,"R4Y,V5T","4,5",0.822251,,1
366,366_0502,SKVYVFLGWF,SKVRVFLGWF,1,R4Y,4,0.788396,,1
366,366_0503,SKVYWFLGWF,SKVRVFLGWF,2,"R4Y,V5W","4,5",0.671213,,1
366,366_0504,SKVYYFLGWF,SKVRVFLGWF,2,"R4Y,V5Y","4,5",0.741267,,1
366,366_0505,SKWRVFLGWF,SKVRVFLGWF,1,V3W,3,0.384866,,1
366,366_0506,SKYRVFLGWF,SKVRVFLGWF,1,V3Y,3,0.512737,,1
366,366_0507,SLVRVFLGWF,SKVRVFLGWF,1,K2L,2,0.428087,,1
366,366_0508,SMVRVFLGWF,SKVRVFLGWF,1,K2M,2,0.479267,,1
366,366_0509,SNVRVFLGWF,SKVRVFLGWF,1,K2N,2,0.553553,,1
366,366_0510,SPVRVFLGWF,SKVRVFLGWF,1,K2P,2,0.570078,,1
366,366_0511,SQVRVFLGWF,SKVRVFLGWF,1,K2Q,2,0.568954,,1
366,366_0512,SRVRVFLGWF,SKVRVFLGWF,1,K2R,2,0.557153,,1
366,366_0513,SSVRVFLGWF,SKVRVFLGWF,1,K2S,2,0.510118,,1
366,366_0514,STVRVFLGWF,SKVRVFLGWF,1,K2T,2,0.557555,,1
366,366_0515,SVVRVFLGWF,SKVRVFLGWF,1,K2V,2,0.542599,,1
366,366_0516,SWVRVFLGWF,SKVRVFLGWF,1,K2W,2,0.313944,,1
366,366_0517,SYVRVFLGWF,SKVRVFLGWF,1,K2Y,2,0.478639,,1
366,366_0518,TKVRVFLGWF,SKVRVFLGWF,1,S1T,1,0.571802,,1
366,366_0519,VKVRVFLGWF,SKVRVFLGWF,1,S1V,1,0.489732,,1
366,366_0520,WKVRVFLGWF,SKVRVFLGWF,1,S1W,1,0.338988,,1
366,366_0521,YKVRVFLGWF,SKVRVFLGWF,1,S1Y,1,0.464994,,1
