family,id,sequence,n_mut,mutations,ppi_exp,method,structure,ddg_binding,ddg_binding_sd,ddg_folding,ddg_folding_sd,n_obs,status
385,385_0001,ARRLHESPWL,1,R1A,0.791737,foldx,fold_385_sys_v2_model_0.cif,0.56787,0.00081,0.34322,0.00594,3,ok
385,385_0002,CRRLHESPWL,1,R1C,0.814871,foldx,fold_385_sys_v2_model_0.cif,0.4449,0.02599,0.19048,0.0309,3,ok
385,385_0003,DRRLHESPWL,1,R1D,0.769281,foldx,fold_385_sys_v2_model_0.cif,0.9547,0.21465,0.3554,0.13647,3,ok
385,385_0004,ERRLHESPWL,1,R1E,0.872156,foldx,fold_385_sys_v2_model_0.cif,0.48553,0.13479,0.11503,0.13803,3,ok
385,385_0005,FRRLHESPWL,1,R1F,0.845805,foldx,fold_385_sys_v2_model_0.cif,-0.3744,0.58765,0.29024,0.37862,3,ok
385,385_0006,GRRLHESPWL,1,R1G,0.828732,foldx,fold_385_sys_v2_model_0.cif,0.37767,0.00057,0.08831,0.00669,3,ok
385,385_0007,HRRLHESPWL,1,R1H,0.863578,foldx,fold_385_sys_v2_model_0.cif,0.11313,0.06924,0.06496,0.07623,3,ok
385,385_0008,IRRLHESPWL,1,R1I,0.85101,foldx,fold_385_sys_v2_model_0.cif,0.3366,0.31111,0.77297,0.05756,3,ok
385,385_0009,KRRLHESPWL,1,R1K,0.875926,foldx,fold_385_sys_v2_model_0.cif,0.0419,0.01048,-0.00313,0.04127,3,ok
385,385_0010,LRRLHESPWL,1,R1L,0.877145,foldx,fold_385_sys_v2_model_0.cif,0.10807,0.12901,0.09246,0.14144,3,ok
385,385_0011,MRRLHESPWL,1,R1M,0.867675,foldx,fold_385_sys_v2_model_0.cif,-0.13763,0.0648,-0.20636,0.04481,3,ok
385,385_0012,NRRLHESPWL,1,R1N,0.886919,foldx,fold_385_sys_v2_model_0.cif,0.71503,0.03159,0.62399,0.02514,3,ok
385,385_0013,PRRLHESPWL,1,R1P,0.824904,foldx,fold_385_sys_v2_model_0.cif,1.0594,0.01006,1.04652,0.00335,3,ok
385,385_0014,QRRLHESPWL,1,R1Q,0.877283,foldx,fold_385_sys_v2_model_0.cif,0.335,0.02597,0.10006,0.10645,3,ok
385,385_0015,RARLHESPWL,1,R2A,0.899335,foldx,fold_385_sys_v2_model_0.cif,0.3273,0.06003,0.05798,0.05848,3,ok
385,385_0016,RCRLHESPWL,1,R2C,0.865485,foldx,fold_385_sys_v2_model_0.cif,0.36573,0.09948,0.21831,0.10616,3,ok
385,385_0017,RDRLHESPWL,1,R2D,0.908272,foldx,fold_385_sys_v2_model_0.cif,0.5099,0.06323,-0.32222,0.08222,3,ok
385,385_0018,RERLHESPWL,1,R2E,0.886395,foldx,fold_385_sys_v2_model_0.cif,0.5011,0.03447,-0.53909,0.02501,3,ok
385,385_0019,RFRLHESPWL,1,R2F,0.836953,foldx,fold_385_sys_v2_model_0.cif,0.36447,0.07865,-0.14747,0.0891,3,ok
385,385_0020,RGRLHESPWL,1,R2G,0.852491,foldx,fold_385_sys_v2_model_0.cif,0.3149,0.12523,-0.11437,0.11203,3,ok
385,385_0021,RHRLHESPWL,1,R2H,0.881142,foldx,fold_385_sys_v2_model_0.cif,0.3716,0.0218,0.16145,0.03394,3,ok
385,385_0022,RIRLHESPWL,1,R2I,0.86844,foldx,fold_385_sys_v2_model_0.cif,0.46327,0.03724,0.35534,0.08904,3,ok
385,385_0023,RKRLHESPWL,1,R2K,0.875076,foldx,fold_385_sys_v2_model_0.cif,0.2671,0.24711,0.02714,0.10851,3,ok
385,385_0024,RLRLHESPWL,1,R2L,0.869129,foldx,fold_385_sys_v2_model_0.cif,0.2715,0.05981,-0.07521,0.07933,3,ok
385,385_0025,RMRLHESPWL,1,R2M,0.850684,foldx,fold_385_sys_v2_model_0.cif,0.2844,0.14789,0.17517,0.04999,3,ok
385,385_0026,RNRLHESPWL,1,R2N,0.840005,foldx,fold_385_sys_v2_model_0.cif,0.32257,0.02691,-0.08612,0.01762,3,ok
385,385_0027,RPRLHESPWL,1,R2P,0.869521,foldx,fold_385_sys_v2_model_0.cif,0.39203,0.00015,0.97881,0.00023,3,ok
385,385_0028,RQRLHESPWL,1,R2Q,0.898147,foldx,fold_385_sys_v2_model_0.cif,0.50993,0.11427,-0.21647,0.23728,3,ok
385,385_0029,RRAAHESPWL,2,"R3A,L4A",0.918036,foldx,fold_385_sys_v2_model_0.cif,3.21633,0.10201,2.12992,0.0916,3,ok
385,385_0030,RRACHESPWL,2,"R3A,L4C",0.948282,foldx,fold_385_sys_v2_model_0.cif,3.4231,0.80877,2.43663,0.06768,3,ok
385,385_0031,RRADHESPWL,2,"R3A,L4D",0.897196,foldx,fold_385_sys_v2_model_0.cif,4.0371,0.5565,1.18648,0.11131,3,ok
385,385_0032,RRAEHESPWL,2,"R3A,L4E",0.919102,foldx,fold_385_sys_v2_model_0.cif,3.0392,0.0893,0.88097,0.08629,3,ok
385,385_0033,RRAFHESPWL,2,"R3A,L4F",0.939406,foldx,fold_385_sys_v2_model_0.cif,3.0216,0.15598,1.01292,0.12026,3,ok
385,385_0034,RRAGHESPWL,2,"R3A,L4G",0.927525,foldx,fold_385_sys_v2_model_0.cif,3.47303,0.04548,1.23029,0.03267,3,ok
385,385_0035,RRAHHESPWL,2,"R3A,L4H",0.891139,foldx,fold_385_sys_v2_model_0.cif,2.3131,0.11976,2.57311,0.12294,3,ok
385,385_0036,RRAIHESPWL,2,"R3A,L4I",0.889921,foldx,fold_385_sys_v2_model_0.cif,1.3628,0.17058,2.57502,0.13584,3,ok
385,385_0037,RRAKHESPWL,2,"R3A,L4K",0.906769,foldx,fold_385_sys_v2_model_0.cif,1.81647,0.24051,1.8981,0.04796,3,ok
385,385_0038,RRALHESPWL,1,R3A,0.961303,foldx,fold_385_sys_v2_model_0.cif,1.00493,0.19974,0.80241,0.09968,3,ok
385,385_0039,RRAMHESPWL,2,"R3A,L4M",0.962848,foldx,fold_385_sys_v2_model_0.cif,1.66717,1.13273,0.87962,0.35535,3,ok
385,385_0040,RRANHESPWL,2,"R3A,L4N",0.944037,foldx,fold_385_sys_v2_model_0.cif,3.66363,1.05824,1.46101,0.18427,3,ok
385,385_0041,RRAPHESPWL,2,"R3A,L4P",0.934937,foldx,fold_385_sys_v2_model_0.cif,2.7974,0.39215,3.86732,0.54446,3,ok
385,385_0042,RRAQHESPWL,2,"R3A,L4Q",0.943321,foldx,fold_385_sys_v2_model_0.cif,3.07573,0.34033,0.93559,0.09567,3,ok
385,385_0043,RRARHESPWL,2,"R3A,L4R",0.87244,foldx,fold_385_sys_v2_model_0.cif,2.0782,0.59537,0.31685,0.53507,3,ok
385,385_0044,RRASHESPWL,2,"R3A,L4S",0.900988,foldx,fold_385_sys_v2_model_0.cif,3.771,0.0091,1.96711,0.00864,3,ok
385,385_0045,RRATHESPWL,2,"R3A,L4T",0.922451,foldx,fold_385_sys_v2_model_0.cif,2.78303,0.17862,2.71541,0.0751,3,ok
385,385_0046,RRAVHESPWL,2,"R3A,L4V",0.941438,foldx,fold_385_sys_v2_model_0.cif,2.6153,0.63583,3.4884,0.17921,3,ok
385,385_0047,RRAWHESPWL,2,"R3A,L4W",0.934194,foldx,fold_385_sys_v2_model_0.cif,1.23913,0.21969,1.54009,0.09976,3,ok
385,385_0048,RRAYHESPWL,2,"R3A,L4Y",0.943894,foldx,fold_385_sys_v2_model_0.cif,3.48343,0.40632,2.23546,0.12273,3,ok
385,385_0049,RRCAHESPWL,2,"R3C,L4A",0.925393,foldx,fold_385_sys_v2_model_0.cif,3.4627,0.00286,1.68082,0.01868,3,ok
385,385_0050,RRCCHESPWL,2,"R3C,L4C",0.939384,foldx,fold_385_sys_v2_model_0.cif,2.5762,0.19102,2.2009,0.00611,3,ok
385,385_0051,RRCDHESPWL,2,"R3C,L4D",0.935998,foldx,fold_385_sys_v2_model_0.cif,3.8671,1.11874,0.76829,0.22092,3,ok
385,385_0052,RRCEHESPWL,2,"R3C,L4E",0.911621,foldx,fold_385_sys_v2_model_0.cif,2.90577,0.43959,0.70846,0.1715,3,ok
385,385_0053,RRCFHESPWL,2,"R3C,L4F",0.897989,foldx,fold_385_sys_v2_model_0.cif,3.0488,0.51873,1.27696,0.67818,3,ok
385,385_0054,RRCGHESPWL,2,"R3C,L4G",0.91079,foldx,fold_385_sys_v2_model_0.cif,3.46707,0.00636,1.06906,0.0067,3,ok
385,385_0055,RRCHHESPWL,2,"R3C,L4H",0.889221,foldx,fold_385_sys_v2_model_0.cif,2.13027,0.17025,2.59746,0.12112,3,ok
385,385_0056,RRCIHESPWL,2,"R3C,L4I",0.901214,foldx,fold_385_sys_v2_model_0.cif,1.39977,0.16786,2.44776,0.07101,3,ok
385,385_0057,RRCKHESPWL,2,"R3C,L4K",0.92428,foldx,fold_385_sys_v2_model_0.cif,1.7236,0.22723,1.65946,0.01736,3,ok
385,385_0058,RRCLHESPWL,1,R3C,0.944631,foldx,fold_385_sys_v2_model_0.cif,1.3704,0.5685,0.81735,0.1401,3,ok
385,385_0059,RRCMHESPWL,2,"R3C,L4M",0.943571,foldx,fold_385_sys_v2_model_0.cif,0.9256,0.44547,0.63705,0.04189,3,ok
385,385_0060,RRCNHESPWL,2,"R3C,L4N",0.882094,foldx,fold_385_sys_v2_model_0.cif,3.11963,0.31938,1.1052,0.043,3,ok
385,385_0061,RRCPHESPWL,2,"R3C,L4P",0.883146,foldx,fold_385_sys_v2_model_0.cif,2.15377,0.00786,3.08848,0.05492,3,ok
385,385_0062,RRCQHESPWL,2,"R3C,L4Q",0.906766,foldx,fold_385_sys_v2_model_0.cif,3.60623,1.1989,0.56726,0.3559,3,ok
385,385_0063,RRCRHESPWL,2,"R3C,L4R",0.865551,foldx,fold_385_sys_v2_model_0.cif,1.79993,0.53813,0.27865,0.47451,3,ok
385,385_0064,RRCSHESPWL,2,"R3C,L4S",0.906786,foldx,fold_385_sys_v2_model_0.cif,4.28507,0.95113,1.96288,0.19901,3,ok
385,385_0065,RRCTHESPWL,2,"R3C,L4T",0.907336,foldx,fold_385_sys_v2_model_0.cif,3.55263,0.63337,2.86189,0.151,3,ok
385,385_0066,RRCVHESPWL,2,"R3C,L4V",0.918672,foldx,fold_385_sys_v2_model_0.cif,1.97777,0.11019,3.30278,0.02647,3,ok
385,385_0067,RRCWHESPWL,2,"R3C,L4W",0.889236,foldx,fold_385_sys_v2_model_0.cif,0.77873,0.13668,1.33391,0.30521,3,ok
385,385_0068,RRCYHESPWL,2,"R3C,L4Y",0.887356,foldx,fold_385_sys_v2_model_0.cif,3.0368,0.02659,1.89657,0.01287,3,ok
385,385_0069,RRDAHESPWL,2,"R3D,L4A",0.932226,foldx,fold_385_sys_v2_model_0.cif,4.13323,0.20165,1.58121,0.06737,3,ok
385,385_0070,RRDCHESPWL,2,"R3D,L4C",0.93623,foldx,fold_385_sys_v2_model_0.cif,2.6554,0.34898,1.4664,0.12832,3,ok
385,385_0071,RRDDHESPWL,2,"R3D,L4D",0.925479,foldx,fold_385_sys_v2_model_0.cif,4.02743,0.32207,0.95479,0.13126,3,ok
385,385_0072,RRDEHESPWL,2,"R3D,L4E",0.878996,foldx,fold_385_sys_v2_model_0.cif,3.2973,0.30835,0.07892,0.15724,3,ok
385,385_0073,RRDFHESPWL,2,"R3D,L4F",0.906684,foldx,fold_385_sys_v2_model_0.cif,3.39733,0.45121,0.42231,0.13737,3,ok
385,385_0074,RRDGHESPWL,2,"R3D,L4G",0.901634,foldx,fold_385_sys_v2_model_0.cif,4.61693,0.9531,0.60685,0.13388,3,ok
385,385_0075,RRDHHESPWL,2,"R3D,L4H",0.897514,foldx,fold_385_sys_v2_model_0.cif,3.01277,0.83334,1.61287,0.06494,3,ok
385,385_0076,RRDIHESPWL,2,"R3D,L4I",0.937191,foldx,fold_385_sys_v2_model_0.cif,1.41167,0.12225,1.66862,0.084,3,ok
385,385_0077,RRDKHESPWL,2,"R3D,L4K",0.897075,foldx,fold_385_sys_v2_model_0.cif,2.13657,0.29505,0.76771,0.17468,3,ok
385,385_0078,RRDLHESPWL,1,R3D,0.961705,foldx,fold_385_sys_v2_model_0.cif,1.17353,0.07398,0.0293,0.01783,3,ok
385,385_0079,RRDMHESPWL,2,"R3D,L4M",0.938621,foldx,fold_385_sys_v2_model_0.cif,1.2341,0.13453,-0.09469,0.06489,3,ok
385,385_0080,RRDNHESPWL,2,"R3D,L4N",0.933648,foldx,fold_385_sys_v2_model_0.cif,3.22377,0.07744,0.61739,0.11232,3,ok
385,385_0081,RRDPHESPWL,2,"R3D,L4P",0.935226,foldx,fold_385_sys_v2_model_0.cif,2.51913,0.83545,3.4327,0.34342,3,ok
385,385_0082,RRDQHESPWL,2,"R3D,L4Q",0.953024,foldx,fold_385_sys_v2_model_0.cif,3.27123,0.24677,-0.24029,0.1064,3,ok
385,385_0083,RRDRHESPWL,2,"R3D,L4R",0.897534,foldx,fold_385_sys_v2_model_0.cif,2.01163,0.6567,-0.65651,0.6449,3,ok
385,385_0084,RRDSHESPWL,2,"R3D,L4S",0.893865,foldx,fold_385_sys_v2_model_0.cif,4.32913,0.65284,1.11249,0.04333,3,ok
385,385_0085,RRDTHESPWL,2,"R3D,L4T",0.929177,foldx,fold_385_sys_v2_model_0.cif,2.6502,0.51693,1.82601,0.08496,3,ok
385,385_0086,RRDVHESPWL,2,"R3D,L4V",0.933065,foldx,fold_385_sys_v2_model_0.cif,2.96027,1.27669,2.67992,0.39851,3,ok
385,385_0087,RRDWHESPWL,2,"R3D,L4W",0.926702,foldx,fold_385_sys_v2_model_0.cif,1.50483,0.87467,0.25248,0.19961,3,ok
385,385_0088,RRDYHESPWL,2,"R3D,L4Y",0.933316,foldx,fold_385_sys_v2_model_0.cif,4.19417,0.45755,0.86073,0.42682,3,ok
385,385_0089,RREAHESPWL,2,"R3E,L4A",0.876667,foldx,fold_385_sys_v2_model_0.cif,3.93003,0.76433,0.23468,0.03336,3,ok
385,385_0090,RRECHESPWL,2,"R3E,L4C",0.983253,foldx,fold_385_sys_v2_model_0.cif,3.05947,0.40608,0.52979,0.0415,3,ok
385,385_0091,RREDHESPWL,2,"R3E,L4D",0.875026,foldx,fold_385_sys_v2_model_0.cif,3.59657,0.09253,-0.67678,0.04723,3,ok
385,385_0092,RREEHESPWL,2,"R3E,L4E",0.925586,foldx,fold_385_sys_v2_model_0.cif,3.31733,0.62212,-0.73503,0.13245,3,ok
385,385_0093,RREFHESPWL,2,"R3E,L4F",0.88368,foldx,fold_385_sys_v2_model_0.cif,3.4525,0.39242,-0.5082,0.03958,3,ok
385,385_0094,RREGHESPWL,2,"R3E,L4G",0.916834,foldx,fold_385_sys_v2_model_0.cif,3.73437,0.02177,-0.61812,0.04722,3,ok
385,385_0095,RREHHESPWL,2,"R3E,L4H",0.867896,foldx,fold_385_sys_v2_model_0.cif,3.0352,0.77423,1.06506,0.06076,3,ok
385,385_0096,RREIHESPWL,2,"R3E,L4I",0.924861,foldx,fold_385_sys_v2_model_0.cif,1.92033,0.87449,0.95722,0.06334,3,ok
385,385_0097,RREKHESPWL,2,"R3E,L4K",0.920328,foldx,fold_385_sys_v2_model_0.cif,2.06413,0.14587,0.1959,0.04561,3,ok
385,385_0098,RRELHESPWL,1,R3E,0.922778,foldx,fold_385_sys_v2_model_0.cif,1.17563,0.05513,-0.61232,0.04602,3,ok
385,385_0099,RREMHESPWL,2,"R3E,L4M",0.941836,foldx,fold_385_sys_v2_model_0.cif,1.7764,1.09051,-0.71327,0.23501,3,ok
385,385_0100,RRENHESPWL,2,"R3E,L4N",0.910478,foldx,fold_385_sys_v2_model_0.cif,3.21317,0.12949,-0.39065,0.01618,3,ok
385,385_0101,RREPHESPWL,2,"R3E,L4P",0.930637,foldx,fold_385_sys_v2_model_0.cif,3.06897,0.75607,2.22989,0.2289,3,ok
385,385_0102,RREQHESPWL,2,"R3E,L4Q",0.945209,foldx,fold_385_sys_v2_model_0.cif,3.2811,0.4928,-0.68794,0.15427,3,ok
385,385_0103,RRERHESPWL,2,"R3E,L4R",0.900178,foldx,fold_385_sys_v2_model_0.cif,2.39127,0.02114,-1.02834,0.03112,3,ok
385,385_0104,RRESHESPWL,2,"R3E,L4S",0.887478,foldx,fold_385_sys_v2_model_0.cif,3.7315,0.0725,0.16303,0.03445,3,ok
385,385_0105,RRETHESPWL,2,"R3E,L4T",0.901377,foldx,fold_385_sys_v2_model_0.cif,2.94907,0.12554,1.15952,0.11174,3,ok
385,385_0106,RREVHESPWL,2,"R3E,L4V",0.922188,foldx,fold_385_sys_v2_model_0.cif,2.31987,0.0587,1.76193,0.05285,3,ok
385,385_0107,RREWHESPWL,2,"R3E,L4W",0.949861,foldx,fold_385_sys_v2_model_0.cif,1.15173,0.61342,-0.32253,0.09321,3,ok
385,385_0108,RREYHESPWL,2,"R3E,L4Y",0.924112,foldx,fold_385_sys_v2_model_0.cif,3.9075,0.31473,0.24181,0.0638,3,ok
385,385_0109,RRFAHESPWL,2,"R3F,L4A",0.933397,foldx,fold_385_sys_v2_model_0.cif,2.40477,0.00061,0.8106,0.00292,3,ok
385,385_0110,RRFCHESPWL,2,"R3F,L4C",0.949404,foldx,fold_385_sys_v2_model_0.cif,1.67293,0.01737,1.2958,0.00994,3,ok
385,385_0111,RRFDHESPWL,2,"R3F,L4D",0.913004,foldx,fold_385_sys_v2_model_0.cif,3.16207,1.10878,-0.14975,0.19987,3,ok
385,385_0112,RRFEHESPWL,2,"R3F,L4E",0.914618,foldx,fold_385_sys_v2_model_0.cif,2.2645,0.47175,-0.00501,0.21311,3,ok
385,385_0113,RRFFHESPWL,2,"R3F,L4F",0.91645,foldx,fold_385_sys_v2_model_0.cif,2.26903,0.46134,0.87324,1.23379,3,ok
385,385_0114,RRFGHESPWL,2,"R3F,L4G",0.894382,foldx,fold_385_sys_v2_model_0.cif,2.87523,0.02431,0.27744,0.00407,3,ok
385,385_0115,RRFHHESPWL,2,"R3F,L4H",0.942773,foldx,fold_385_sys_v2_model_0.cif,1.32287,0.02496,1.63169,0.00466,3,ok
385,385_0116,RRFIHESPWL,2,"R3F,L4I",0.924134,foldx,fold_385_sys_v2_model_0.cif,0.4747,0.08914,1.7527,0.08443,3,ok
385,385_0117,RRFKHESPWL,2,"R3F,L4K",0.909961,foldx,fold_385_sys_v2_model_0.cif,1.31447,0.53708,0.9354,0.14595,3,ok
385,385_0118,RRFLHESPWL,1,R3F,0.925677,foldx,fold_385_sys_v2_model_0.cif,0.12947,0.00138,-0.01804,0.00521,3,ok
385,385_0119,RRFMHESPWL,2,"R3F,L4M",0.920002,foldx,fold_385_sys_v2_model_0.cif,1.36733,0.69456,-0.0728,0.08802,3,ok
385,385_0120,RRFNHESPWL,2,"R3F,L4N",0.866818,foldx,fold_385_sys_v2_model_0.cif,2.3551,0.34876,0.30396,0.05013,3,ok
385,385_0121,RRFPHESPWL,2,"R3F,L4P",0.927495,foldx,fold_385_sys_v2_model_0.cif,1.49223,0.06473,2.53165,0.49277,3,ok
385,385_0122,RRFQHESPWL,2,"R3F,L4Q",0.903865,foldx,fold_385_sys_v2_model_0.cif,2.51457,1.01081,-0.17128,0.33372,3,ok
385,385_0123,RRFRHESPWL,2,"R3F,L4R",0.894568,foldx,fold_385_sys_v2_model_0.cif,1.10073,0.51008,-0.422,0.47369,3,ok
385,385_0124,RRFSHESPWL,2,"R3F,L4S",0.919119,foldx,fold_385_sys_v2_model_0.cif,3.07077,0.82302,0.89576,0.08475,3,ok
385,385_0125,RRFTHESPWL,2,"R3F,L4T",0.920418,foldx,fold_385_sys_v2_model_0.cif,2.5987,0.95601,2.02367,0.17955,3,ok
385,385_0126,RRFVHESPWL,2,"R3F,L4V",0.953253,foldx,fold_385_sys_v2_model_0.cif,1.39737,0.00391,2.58449,0.01246,3,ok
385,385_0127,RRFWHESPWL,2,"R3F,L4W",0.966999,foldx,fold_385_sys_v2_model_0.cif,-0.0478,0.37173,0.50649,0.28561,3,ok
385,385_0128,RRFYHESPWL,2,"R3F,L4Y",0.930323,foldx,fold_385_sys_v2_model_0.cif,2.35993,0.03013,1.21153,0.03967,3,ok
385,385_0129,RRGAHESPWL,2,"R3G,L4A",0.869318,foldx,fold_385_sys_v2_model_0.cif,4.68353,0.55977,2.63644,0.14794,3,ok
385,385_0130,RRGCHESPWL,2,"R3G,L4C",0.927173,foldx,fold_385_sys_v2_model_0.cif,2.74333,0.19989,2.43098,0.05784,3,ok
385,385_0131,RRGDHESPWL,2,"R3G,L4D",0.919386,foldx,fold_385_sys_v2_model_0.cif,3.79863,0.24417,0.8734,0.10826,3,ok
385,385_0132,RRGEHESPWL,2,"R3G,L4E",0.900949,foldx,fold_385_sys_v2_model_0.cif,3.04483,0.16676,0.8007,0.01943,3,ok
385,385_0133,RRGFHESPWL,2,"R3G,L4F",0.929533,foldx,fold_385_sys_v2_model_0.cif,3.18767,0.93245,1.66474,0.89562,3,ok
385,385_0134,RRGGHESPWL,2,"R3G,L4G",0.883535,foldx,fold_385_sys_v2_model_0.cif,4.50317,1.08981,1.36274,0.1957,3,ok
385,385_0135,RRGHHESPWL,2,"R3G,L4H",0.918352,foldx,fold_385_sys_v2_model_0.cif,2.62173,0.24479,2.83185,0.05299,3,ok
385,385_0136,RRGIHESPWL,2,"R3G,L4I",0.929779,foldx,fold_385_sys_v2_model_0.cif,2.05967,1.15754,2.70471,0.21857,3,ok
385,385_0137,RRGKHESPWL,2,"R3G,L4K",0.874447,foldx,fold_385_sys_v2_model_0.cif,2.29593,0.40071,2.02032,0.15442,3,ok
385,385_0138,RRGLHESPWL,1,R3G,0.968961,foldx,fold_385_sys_v2_model_0.cif,1.16263,0.21518,0.94438,0.04725,3,ok
385,385_0139,RRGMHESPWL,2,"R3G,L4M",0.942901,foldx,fold_385_sys_v2_model_0.cif,1.13957,0.24869,0.87734,0.12345,3,ok
385,385_0140,RRGNHESPWL,2,"R3G,L4N",0.910553,foldx,fold_385_sys_v2_model_0.cif,3.42267,0.21514,1.42416,0.04547,3,ok
385,385_0141,RRGPHESPWL,2,"R3G,L4P",0.889017,foldx,fold_385_sys_v2_model_0.cif,2.75213,0.1833,4.04679,0.1548,3,ok
385,385_0142,RRGQHESPWL,2,"R3G,L4Q",0.935212,foldx,fold_385_sys_v2_model_0.cif,2.90177,0.14446,1.03117,0.21846,3,ok
385,385_0143,RRGRHESPWL,2,"R3G,L4R",0.860319,foldx,fold_385_sys_v2_model_0.cif,2.22403,0.55098,0.39266,0.5461,3,ok
385,385_0144,RRGSHESPWL,2,"R3G,L4S",0.886142,foldx,fold_385_sys_v2_model_0.cif,3.9896,0.48084,1.97179,0.04967,3,ok
385,385_0145,RRGTHESPWL,2,"R3G,L4T",0.888701,foldx,fold_385_sys_v2_model_0.cif,2.52037,0.40304,2.91601,0.07243,3,ok
385,385_0146,RRGVHESPWL,2,"R3G,L4V",0.928932,foldx,fold_385_sys_v2_model_0.cif,1.822,0.58154,3.37015,0.0812,3,ok
385,385_0147,RRGWHESPWL,2,"R3G,L4W",0.946401,foldx,fold_385_sys_v2_model_0.cif,1.61473,0.64076,1.91201,0.23454,3,ok
385,385_0148,RRGYHESPWL,2,"R3G,L4Y",0.950777,foldx,fold_385_sys_v2_model_0.cif,4.82933,1.04614,3.6552,1.33586,3,ok
385,385_0149,RRHAHESPWL,2,"R3H,L4A",0.93128,foldx,fold_385_sys_v2_model_0.cif,3.20797,0.00047,0.03508,0.00234,3,ok
385,385_0150,RRHCHESPWL,2,"R3H,L4C",0.884053,foldx,fold_385_sys_v2_model_0.cif,2.70737,0.43452,0.7079,0.15548,3,ok
385,385_0151,RRHDHESPWL,2,"R3H,L4D",0.853027,foldx,fold_385_sys_v2_model_0.cif,3.336,0.00459,-0.88028,0.01168,3,ok
385,385_0152,RRHEHESPWL,2,"R3H,L4E",0.906163,foldx,fold_385_sys_v2_model_0.cif,2.74953,0.01129,-0.83147,0.00651,3,ok
385,385_0153,RRHFHESPWL,2,"R3H,L4F",0.906177,foldx,fold_385_sys_v2_model_0.cif,2.8254,0.04287,-0.42309,0.00118,3,ok
385,385_0154,RRHGHESPWL,2,"R3H,L4G",0.909924,foldx,fold_385_sys_v2_model_0.cif,3.95427,0.61997,-0.45808,0.18373,3,ok
385,385_0155,RRHHHESPWL,2,"R3H,L4H",0.87589,foldx,fold_385_sys_v2_model_0.cif,3.2105,0.88827,1.36784,0.02036,3,ok
385,385_0156,RRHIHESPWL,2,"R3H,L4I",0.909953,foldx,fold_385_sys_v2_model_0.cif,1.51837,0.34031,1.18898,0.04357,3,ok
385,385_0157,RRHKHESPWL,2,"R3H,L4K",0.884572,foldx,fold_385_sys_v2_model_0.cif,1.79843,0.06068,0.17739,0.0717,3,ok
385,385_0158,RRHLHESPWL,1,R3H,0.983364,foldx,fold_385_sys_v2_model_0.cif,0.89593,0.00092,-0.63089,0.00396,3,ok
385,385_0159,RRHMHESPWL,2,"R3H,L4M",0.950747,foldx,fold_385_sys_v2_model_0.cif,1.45953,1.12657,-0.75379,0.20881,3,ok
385,385_0160,RRHPHESPWL,2,"R3H,L4P",0.952521,foldx,fold_385_sys_v2_model_0.cif,2.0025,0.04575,2.34629,0.49074,3,ok
385,385_0161,RRHRHESPWL,2,"R3H,L4R",0.864551,foldx,fold_385_sys_v2_model_0.cif,2.63707,0.39433,-1.03694,0.47123,3,ok
385,385_0162,RRHSHESPWL,2,"R3H,L4S",0.897133,foldx,fold_385_sys_v2_model_0.cif,4.14223,1.10881,0.3103,0.19146,3,ok
385,385_0163,RRHTHESPWL,2,"R3H,L4T",0.948547,foldx,fold_385_sys_v2_model_0.cif,3.1241,0.84981,1.38623,0.14759,3,ok
385,385_0164,RRHVHESPWL,2,"R3H,L4V",0.91104,foldx,fold_385_sys_v2_model_0.cif,2.07153,0.01493,1.85405,0.0113,3,ok
385,385_0165,RRHWHESPWL,2,"R3H,L4W",0.88793,foldx,fold_385_sys_v2_model_0.cif,0.6583,0.07809,0.03217,0.05749,3,ok
385,385_0166,RRHYHESPWL,2,"R3H,L4Y",0.913651,foldx,fold_385_sys_v2_model_0.cif,3.2437,0.03794,0.67138,0.0541,3,ok
385,385_0167,RRIAHESPWL,2,"R3I,L4A",0.91685,foldx,fold_385_sys_v2_model_0.cif,2.99733,0.53594,1.60382,0.09734,3,ok
385,385_0168,RRICHESPWL,2,"R3I,L4C",0.920067,foldx,fold_385_sys_v2_model_0.cif,2.0449,0.55837,2.05423,0.13776,3,ok
385,385_0169,RRIDHESPWL,2,"R3I,L4D",0.944677,foldx,fold_385_sys_v2_model_0.cif,3.2554,0.51657,0.55842,0.12966,3,ok
385,385_0170,RRIEHESPWL,2,"R3I,L4E",0.940384,foldx,fold_385_sys_v2_model_0.cif,2.59857,0.81829,0.74688,0.26198,3,ok
385,385_0171,RRIFHESPWL,2,"R3I,L4F",0.917811,foldx,fold_385_sys_v2_model_0.cif,2.9457,1.05503,1.22412,0.08435,3,ok
385,385_0172,RRIGHESPWL,2,"R3I,L4G",0.925402,foldx,fold_385_sys_v2_model_0.cif,3.73243,0.4123,1.31361,0.19571,3,ok
385,385_0173,RRIHHESPWL,2,"R3I,L4H",0.879442,foldx,fold_385_sys_v2_model_0.cif,1.90337,0.62644,2.57661,0.34038,3,ok
385,385_0174,RRIIHESPWL,2,"R3I,L4I",0.912793,foldx,fold_385_sys_v2_model_0.cif,0.81087,0.41689,2.43818,0.16993,3,ok
385,385_0175,RRIKHESPWL,2,"R3I,L4K",0.886696,foldx,fold_385_sys_v2_model_0.cif,1.57437,0.47112,1.58481,0.06694,3,ok
385,385_0176,RRILHESPWL,1,R3I,0.956875,foldx,fold_385_sys_v2_model_0.cif,0.67527,0.52158,0.68162,0.0663,3,ok
385,385_0177,RRIMHESPWL,2,"R3I,L4M",0.945086,foldx,fold_385_sys_v2_model_0.cif,0.68253,0.50108,0.54638,0.1379,3,ok
385,385_0178,RRINHESPWL,2,"R3I,L4N",0.935797,foldx,fold_385_sys_v2_model_0.cif,3.0016,0.52044,1.12304,0.21456,3,ok
385,385_0179,RRIPHESPWL,2,"R3I,L4P",0.933746,foldx,fold_385_sys_v2_model_0.cif,2.41587,0.25867,3.4184,0.55869,3,ok
385,385_0180,RRIQHESPWL,2,"R3I,L4Q",0.894261,foldx,fold_385_sys_v2_model_0.cif,1.83747,0.52761,0.6009,0.20824,3,ok
385,385_0181,RRIRHESPWL,2,"R3I,L4R",0.917881,foldx,fold_385_sys_v2_model_0.cif,1.58413,0.37991,0.27035,0.54823,3,ok
385,385_0182,RRISHESPWL,2,"R3I,L4S",0.912188,foldx,fold_385_sys_v2_model_0.cif,3.28207,1.08092,1.73044,0.27242,3,ok
385,385_0183,RRITHESPWL,2,"R3I,L4T",0.922801,foldx,fold_385_sys_v2_model_0.cif,2.14747,0.44155,2.52466,0.0767,3,ok
385,385_0184,RRIVHESPWL,2,"R3I,L4V",0.920992,foldx,fold_385_sys_v2_model_0.cif,2.30593,0.88988,3.41939,0.18747,3,ok
385,385_0185,RRIWHESPWL,2,"R3I,L4W",0.921641,foldx,fold_385_sys_v2_model_0.cif,-0.03807,0.33158,1.24281,0.34151,3,ok
385,385_0186,RRIYHESPWL,2,"R3I,L4Y",0.914728,foldx,fold_385_sys_v2_model_0.cif,2.94927,0.02246,1.92345,0.18803,3,ok
385,385_0187,RRKAHESPWL,2,"R3K,L4A",0.891212,foldx,fold_385_sys_v2_model_0.cif,2.3688,0.22404,1.04075,0.21549,3,ok
385,385_0188,RRKCHESPWL,2,"R3K,L4C",0.94685,foldx,fold_385_sys_v2_model_0.cif,1.58007,0.06804,1.44521,0.04898,3,ok
385,385_0189,RRKDHESPWL,2,"R3K,L4D",0.907129,foldx,fold_385_sys_v2_model_0.cif,2.4526,0.09665,-0.18022,0.11526,3,ok
385,385_0190,RRKEHESPWL,2,"R3K,L4E",0.946085,foldx,fold_385_sys_v2_model_0.cif,2.334,0.4502,0.13174,0.02829,3,ok
385,385_0191,RRKFHESPWL,2,"R3K,L4F",0.886143,foldx,fold_385_sys_v2_model_0.cif,2.3525,0.61967,0.34849,0.21711,3,ok
385,385_0192,RRKGHESPWL,2,"R3K,L4G",0.889225,foldx,fold_385_sys_v2_model_0.cif,2.68373,0.03333,0.35516,0.02781,3,ok
385,385_0193,RRKHHESPWL,2,"R3K,L4H",0.899143,foldx,fold_385_sys_v2_model_0.cif,1.31223,0.06298,1.80799,0.01618,3,ok
385,385_0194,RRKIHESPWL,2,"R3K,L4I",0.868914,foldx,fold_385_sys_v2_model_0.cif,0.8707,1.05974,1.91008,0.15234,3,ok
385,385_0195,RRKKHESPWL,2,"R3K,L4K",0.880501,foldx,fold_385_sys_v2_model_0.cif,1.47863,0.90775,1.10482,0.08689,3,ok
385,385_0196,RRKLHESPWL,1,R3K,0.959389,foldx,fold_385_sys_v2_model_0.cif,-0.0316,0.02856,0.09533,0.01923,3,ok
385,385_0197,RRKMHESPWL,2,"R3K,L4M",0.955684,foldx,fold_385_sys_v2_model_0.cif,0.6238,0.6732,0.06821,0.09505,3,ok
385,385_0198,RRKNHESPWL,2,"R3K,L4N",0.896864,foldx,fold_385_sys_v2_model_0.cif,2.14707,0.0717,0.3098,0.04478,3,ok
385,385_0199,RRKPHESPWL,2,"R3K,L4P",0.880264,foldx,fold_385_sys_v2_model_0.cif,1.6929,0.47248,2.64441,0.36498,3,ok
385,385_0200,RRKQHESPWL,2,"R3K,L4Q",0.883179,foldx,fold_385_sys_v2_model_0.cif,1.79757,0.13337,-0.26633,0.09769,3,ok
385,385_0201,RRKRHESPWL,2,"R3K,L4R",0.875028,foldx,fold_385_sys_v2_model_0.cif,1.8392,1.02686,-0.04183,0.17222,3,ok
385,385_0202,RRKSHESPWL,2,"R3K,L4S",0.887915,foldx,fold_385_sys_v2_model_0.cif,2.6087,0.03054,1.0397,0.02422,3,ok
385,385_0203,RRKTHESPWL,2,"R3K,L4T",0.866742,foldx,fold_385_sys_v2_model_0.cif,1.9917,0.51572,2.05654,0.1138,3,ok
385,385_0204,RRKVHESPWL,2,"R3K,L4V",0.922866,foldx,fold_385_sys_v2_model_0.cif,1.1891,0.02705,2.65493,0.02689,3,ok
385,385_0205,RRKWHESPWL,2,"R3K,L4W",0.916299,foldx,fold_385_sys_v2_model_0.cif,0.01583,0.09508,0.7144,0.1342,3,ok
385,385_0206,RRKYHESPWL,2,"R3K,L4Y",0.937829,foldx,fold_385_sys_v2_model_0.cif,3.95107,0.26237,1.68665,0.29441,3,ok
385,385_0207,RRLAHESPWL,2,"R3L,L4A",0.899054,foldx,fold_385_sys_v2_model_0.cif,3.00467,0.50075,-0.34051,0.21233,3,ok
385,385_0208,RRLCHESPWL,2,"R3L,L4C",0.911967,foldx,fold_385_sys_v2_model_0.cif,1.99377,0.03154,0.16298,0.0149,3,ok
385,385_0209,RRLDHESPWL,2,"R3L,L4D",0.92625,foldx,fold_385_sys_v2_model_0.cif,3.15713,0.47054,-1.28664,0.1883,3,ok
385,385_0210,RRLEHESPWL,2,"R3L,L4E",0.935996,foldx,fold_385_sys_v2_model_0.cif,2.35423,0.08847,-1.27852,0.03902,3,ok
385,385_0211,RRLFHESPWL,2,"R3L,L4F",0.897277,foldx,fold_385_sys_v2_model_0.cif,2.58297,0.10312,-0.51943,0.4566,3,ok
385,385_0212,RRLGHESPWL,2,"R3L,L4G",0.90164,foldx,fold_385_sys_v2_model_0.cif,3.20893,0.00174,-0.9741,0.00078,3,ok
385,385_0213,RRLHHESPWL,2,"R3L,L4H",0.891634,foldx,fold_385_sys_v2_model_0.cif,2.10153,0.78922,0.60274,0.053,3,ok
385,385_0214,RRLIHESPWL,2,"R3L,L4I",0.889491,foldx,fold_385_sys_v2_model_0.cif,0.74897,0.08381,0.72436,0.06641,3,ok
385,385_0215,RRLKHESPWL,2,"R3L,L4K",0.904449,foldx,fold_385_sys_v2_model_0.cif,2.37117,0.50218,-0.32921,0.21408,3,ok
385,385_0216,RRLLHESPWL,1,R3L,0.94017,foldx,fold_385_sys_v2_model_0.cif,0.45243,0.06123,-1.0895,0.06069,3,ok
385,385_0217,RRLMHESPWL,2,"R3L,L4M",0.957585,foldx,fold_385_sys_v2_model_0.cif,0.4092,0.02306,-1.34937,0.04161,3,ok
385,385_0218,RRLNHESPWL,2,"R3L,L4N",0.928867,foldx,fold_385_sys_v2_model_0.cif,2.50723,0.07772,-0.87417,0.03642,3,ok
385,385_0219,RRLPHESPWL,2,"R3L,L4P",0.909702,foldx,fold_385_sys_v2_model_0.cif,2.57703,1.2264,1.6188,0.41308,3,ok
385,385_0220,RRLQHESPWL,2,"R3L,L4Q",0.913451,foldx,fold_385_sys_v2_model_0.cif,2.22913,0.08741,-1.35396,0.15327,3,ok
385,385_0221,RRLRHESPWL,2,"R3L,L4R",0.862932,foldx,fold_385_sys_v2_model_0.cif,1.7475,0.15243,-1.60825,0.372,3,ok
385,385_0222,RRLSHESPWL,2,"R3L,L4S",0.886626,foldx,fold_385_sys_v2_model_0.cif,4.30053,1.04996,-0.03362,0.16151,3,ok
385,385_0223,RRLTHESPWL,2,"R3L,L4T",0.890446,foldx,fold_385_sys_v2_model_0.cif,2.3635,0.60734,0.68384,0.01445,3,ok
385,385_0224,RRLVHESPWL,2,"R3L,L4V",0.91238,foldx,fold_385_sys_v2_model_0.cif,1.66037,0.0223,1.45561,0.00535,3,ok
385,385_0225,RRLWHESPWL,2,"R3L,L4W",0.916759,foldx,fold_385_sys_v2_model_0.cif,0.26193,0.34639,-0.5981,0.28698,3,ok
385,385_0226,RRLYHESPWL,2,"R3L,L4Y",0.915053,foldx,fold_385_sys_v2_model_0.cif,2.78383,0.05809,0.15563,0.02106,3,ok
385,385_0227,RRMAHESPWL,2,"R3M,L4A",0.925182,foldx,fold_385_sys_v2_model_0.cif,2.25823,0.70454,0.7329,0.23457,3,ok
385,385_0228,RRMCHESPWL,2,"R3M,L4C",0.88698,foldx,fold_385_sys_v2_model_0.cif,1.3022,0.02353,1.2237,0.03698,3,ok
385,385_0229,RRMDHESPWL,2,"R3M,L4D",0.915323,foldx,fold_385_sys_v2_model_0.cif,2.03683,0.08708,-0.48854,0.05271,3,ok
385,385_0230,RRMEHESPWL,2,"R3M,L4E",0.913499,foldx,fold_385_sys_v2_model_0.cif,2.12887,0.91949,-0.23687,0.04327,3,ok
385,385_0231,RRMFHESPWL,2,"R3M,L4F",0.916466,foldx,fold_385_sys_v2_model_0.cif,2.41613,0.74564,0.17955,0.09986,3,ok
385,385_0232,RRMGHESPWL,2,"R3M,L4G",0.915926,foldx,fold_385_sys_v2_model_0.cif,2.7341,0.43104,0.27816,0.11643,3,ok
385,385_0233,RRMHHESPWL,2,"R3M,L4H",0.945957,foldx,fold_385_sys_v2_model_0.cif,0.94747,0.10792,1.48614,0.11099,3,ok
385,385_0234,RRMIHESPWL,2,"R3M,L4I",0.877628,foldx,fold_385_sys_v2_model_0.cif,0.08327,0.05487,1.58862,0.02348,3,ok
385,385_0235,RRMKHESPWL,2,"R3M,L4K",0.917387,foldx,fold_385_sys_v2_model_0.cif,0.5375,0.0692,0.60694,0.05835,3,ok
385,385_0236,RRMLHESPWL,1,R3M,0.96143,foldx,fold_385_sys_v2_model_0.cif,-0.24983,0.05387,-0.14067,0.06086,3,ok
385,385_0237,RRMMHESPWL,2,"R3M,L4M",0.929949,foldx,fold_385_sys_v2_model_0.cif,-0.3335,0.12935,-0.40167,0.11377,3,ok
385,385_0238,RRMNHESPWL,2,"R3M,L4N",0.892242,foldx,fold_385_sys_v2_model_0.cif,2.00197,0.60721,0.05919,0.16822,3,ok
385,385_0239,RRMPHESPWL,2,"R3M,L4P",0.923036,foldx,fold_385_sys_v2_model_0.cif,1.20233,0.12997,2.28137,0.2773,3,ok
385,385_0240,RRMQHESPWL,2,"R3M,L4Q",0.947031,foldx,fold_385_sys_v2_model_0.cif,1.86053,0.24651,-0.51742,0.12238,3,ok
385,385_0241,RRMRHESPWL,2,"R3M,L4R",0.849813,foldx,fold_385_sys_v2_model_0.cif,0.9664,0.07303,-0.31259,0.03473,3,ok
385,385_0242,RRMSHESPWL,2,"R3M,L4S",0.891612,foldx,fold_385_sys_v2_model_0.cif,2.25537,0.14482,0.7674,0.13063,3,ok
385,385_0243,RRMTHESPWL,2,"R3M,L4T",0.9034,foldx,fold_385_sys_v2_model_0.cif,1.93543,1.16231,1.76547,0.23324,3,ok
385,385_0244,RRMVHESPWL,2,"R3M,L4V",0.910667,foldx,fold_385_sys_v2_model_0.cif,1.43807,0.79688,2.468,0.06038,3,ok
385,385_0245,RRMWHESPWL,2,"R3M,L4W",0.922948,foldx,fold_385_sys_v2_model_0.cif,-0.01213,0.49056,0.58821,0.25155,3,ok
385,385_0246,RRMYHESPWL,2,"R3M,L4Y",0.895998,foldx,fold_385_sys_v2_model_0.cif,2.299,0.29132,1.02595,0.0206,3,ok
385,385_0247,RRNAHESPWL,2,"R3N,L4A",0.908725,foldx,fold_385_sys_v2_model_0.cif,3.19873,0.62735,2.07885,0.24582,3,ok
385,385_0248,RRNCHESPWL,2,"R3N,L4C",0.908651,foldx,fold_385_sys_v2_model_0.cif,2.3787,0.03978,2.08616,0.0241,3,ok
385,385_0249,RRNDHESPWL,2,"R3N,L4D",0.900595,foldx,fold_385_sys_v2_model_0.cif,3.28507,0.01035,0.46229,0.01394,3,ok
385,385_0250,RRNEHESPWL,2,"R3N,L4E",0.937437,foldx,fold_385_sys_v2_model_0.cif,2.68583,0.00357,0.56511,0.00955,3,ok
385,385_0251,RRNFHESPWL,2,"R3N,L4F",0.926329,foldx,fold_385_sys_v2_model_0.cif,2.9608,0.34626,0.85329,0.09801,3,ok
385,385_0252,RRNGHESPWL,2,"R3N,L4G",0.904311,foldx,fold_385_sys_v2_model_0.cif,3.9052,0.7534,1.02088,0.03208,3,ok
385,385_0253,RRNHHESPWL,2,"R3N,L4H",0.913343,foldx,fold_385_sys_v2_model_0.cif,2.13047,0.05832,2.38747,0.03928,3,ok
385,385_0254,RRNIHESPWL,2,"R3N,L4I",0.940478,foldx,fold_385_sys_v2_model_0.cif,1.60847,1.03746,2.4802,0.16538,3,ok
385,385_0255,RRNKHESPWL,2,"R3N,L4K",0.881672,foldx,fold_385_sys_v2_model_0.cif,1.64883,0.04477,1.57795,0.02223,3,ok
385,385_0256,RRNLHESPWL,1,R3N,0.940363,foldx,fold_385_sys_v2_model_0.cif,1.6375,0.53934,0.85885,0.20324,3,ok
385,385_0257,RRNMHESPWL,2,"R3N,L4M",0.928827,foldx,fold_385_sys_v2_model_0.cif,0.8566,0.20063,0.56486,0.05777,3,ok
385,385_0258,RRNNHESPWL,2,"R3N,L4N",0.877649,foldx,fold_385_sys_v2_model_0.cif,3.36213,0.47773,1.11563,0.18008,3,ok
385,385_0259,RRNPHESPWL,2,"R3N,L4P",0.900505,foldx,fold_385_sys_v2_model_0.cif,2.25943,0.05366,3.33823,0.19209,3,ok
385,385_0260,RRNQHESPWL,2,"R3N,L4Q",0.91404,foldx,fold_385_sys_v2_model_0.cif,2.86147,0.25732,0.33746,0.08363,3,ok
385,385_0261,RRNRHESPWL,2,"R3N,L4R",0.875998,foldx,fold_385_sys_v2_model_0.cif,1.76833,0.58716,0.16427,0.584,3,ok
385,385_0262,RRNSHESPWL,2,"R3N,L4S",0.884469,foldx,fold_385_sys_v2_model_0.cif,3.7584,0.57557,1.80791,0.16533,3,ok
385,385_0263,RRNTHESPWL,2,"R3N,L4T",0.881834,foldx,fold_385_sys_v2_model_0.cif,2.79887,0.42862,2.57506,0.0054,3,ok
385,385_0264,RRNVHESPWL,2,"R3N,L4V",0.931741,foldx,fold_385_sys_v2_model_0.cif,2.1215,0.43267,3.23581,0.04948,3,ok
385,385_0265,RRNWHESPWL,2,"R3N,L4W",0.925947,foldx,fold_385_sys_v2_model_0.cif,0.30703,0.55273,1.23601,0.06059,3,ok
385,385_0266,RRNYHESPWL,2,"R3N,L4Y",0.904008,foldx,fold_385_sys_v2_model_0.cif,5.22663,0.67447,1.58899,0.57351,3,ok
385,385_0267,RRPAHESPWL,2,"R3P,L4A",0.904076,foldx,fold_385_sys_v2_model_0.cif,3.09227,0.5492,3.4554,0.18606,3,ok
385,385_0268,RRPCHESPWL,2,"R3P,L4C",0.923368,foldx,fold_385_sys_v2_model_0.cif,2.52687,0.38152,3.7406,0.14987,3,ok
385,385_0269,RRPDHESPWL,2,"R3P,L4D",0.906726,foldx,fold_385_sys_v2_model_0.cif,2.82557,0.15388,2.72456,0.08267,3,ok
385,385_0270,RRPEHESPWL,2,"R3P,L4E",0.921892,foldx,fold_385_sys_v2_model_0.cif,2.4791,0.16565,2.17143,0.08897,3,ok
385,385_0271,RRPFHESPWL,2,"R3P,L4F",0.912185,foldx,fold_385_sys_v2_model_0.cif,3.29257,0.26145,2.53996,0.18484,3,ok
385,385_0272,RRPGHESPWL,2,"R3P,L4G",0.912054,foldx,fold_385_sys_v2_model_0.cif,3.6512,0.72999,3.01839,0.17185,3,ok
385,385_0273,RRPHHESPWL,2,"R3P,L4H",0.874906,foldx,fold_385_sys_v2_model_0.cif,2.0951,0.27444,3.74094,0.04708,3,ok
385,385_0274,RRPIHESPWL,2,"R3P,L4I",0.948354,foldx,fold_385_sys_v2_model_0.cif,0.95983,0.28051,3.93667,0.15729,3,ok
385,385_0275,RRPKHESPWL,2,"R3P,L4K",0.841862,foldx,fold_385_sys_v2_model_0.cif,1.9989,0.84667,3.21788,0.0572,3,ok
385,385_0276,RRPLHESPWL,1,R3P,0.931703,foldx,fold_385_sys_v2_model_0.cif,0.88353,0.62161,2.21875,0.07323,3,ok
385,385_0277,RRPMHESPWL,2,"R3P,L4M",0.938727,foldx,fold_385_sys_v2_model_0.cif,0.66647,0.01029,2.11251,0.03684,3,ok
385,385_0278,RRPNHESPWL,2,"R3P,L4N",0.882616,foldx,fold_385_sys_v2_model_0.cif,3.28087,1.25322,2.94728,0.25725,3,ok
385,385_0279,RRPPHESPWL,2,"R3P,L4P",0.936508,foldx,fold_385_sys_v2_model_0.cif,2.21477,0.01739,6.79111,0.08931,3,ok
385,385_0280,RRPRHESPWL,2,"R3P,L4R",0.857778,foldx,fold_385_sys_v2_model_0.cif,2.28937,1.21312,1.93684,0.58502,3,ok
385,385_0281,RRPSHESPWL,2,"R3P,L4S",0.899037,foldx,fold_385_sys_v2_model_0.cif,3.59703,0.21865,3.5262,0.15881,3,ok
385,385_0282,RRPTHESPWL,2,"R3P,L4T",0.905808,foldx,fold_385_sys_v2_model_0.cif,2.30687,0.20408,4.06079,0.0189,3,ok
385,385_0283,RRPVHESPWL,2,"R3P,L4V",0.952003,foldx,fold_385_sys_v2_model_0.cif,1.69897,0.188,4.82958,0.09864,3,ok
385,385_0284,RRPWHESPWL,2,"R3P,L4W",0.909874,foldx,fold_385_sys_v2_model_0.cif,0.83097,0.17348,2.79572,0.17803,3,ok
385,385_0285,RRPYHESPWL,2,"R3P,L4Y",0.935677,foldx,fold_385_sys_v2_model_0.cif,3.94583,0.71358,3.70504,0.06824,3,ok
385,385_0286,RRQAHESPWL,2,"R3Q,L4A",0.897159,foldx,fold_385_sys_v2_model_0.cif,2.9342,0.21563,1.12916,0.24314,3,ok
385,385_0287,RRQCHESPWL,2,"R3Q,L4C",0.899528,foldx,fold_385_sys_v2_model_0.cif,2.24353,0.46433,1.69247,0.15955,3,ok
385,385_0288,RRQDHESPWL,2,"R3Q,L4D",0.87211,foldx,fold_385_sys_v2_model_0.cif,3.6348,0.70387,0.13403,0.44146,3,ok
385,385_0289,RRQEHESPWL,2,"R3Q,L4E",0.912639,foldx,fold_385_sys_v2_model_0.cif,2.46667,0.36415,0.05343,0.19231,3,ok
385,385_0290,RRQFHESPWL,2,"R3Q,L4F",0.913419,foldx,fold_385_sys_v2_model_0.cif,2.9211,0.88685,0.38973,0.14397,3,ok
385,385_0291,RRQGHESPWL,2,"R3Q,L4G",0.901348,foldx,fold_385_sys_v2_model_0.cif,3.67277,0.75404,0.80503,0.17831,3,ok
385,385_0292,RRQHHESPWL,2,"R3Q,L4H",0.866813,foldx,fold_385_sys_v2_model_0.cif,2.34913,0.67402,2.1404,0.34649,3,ok
385,385_0293,RRQIHESPWL,2,"R3Q,L4I",0.890436,foldx,fold_385_sys_v2_model_0.cif,0.99207,0.20819,2.11577,0.16258,3,ok
385,385_0294,RRQKHESPWL,2,"R3Q,L4K",0.890203,foldx,fold_385_sys_v2_model_0.cif,1.06693,0.32615,1.0344,0.098,3,ok
385,385_0295,RRQLHESPWL,1,R3Q,0.930965,foldx,fold_385_sys_v2_model_0.cif,0.19807,0.44313,0.07452,0.00657,3,ok
385,385_0296,RRQMHESPWL,2,"R3Q,L4M",0.947006,foldx,fold_385_sys_v2_model_0.cif,0.0674,0.28254,-0.04351,0.09781,3,ok
385,385_0297,RRQNHESPWL,2,"R3Q,L4N",0.904034,foldx,fold_385_sys_v2_model_0.cif,2.68123,0.41352,0.57649,0.172,3,ok
385,385_0298,RRQPHESPWL,2,"R3Q,L4P",0.911233,foldx,fold_385_sys_v2_model_0.cif,2.1647,0.52249,2.74644,0.20892,3,ok
385,385_0299,RRQQHESPWL,2,"R3Q,L4Q",0.896441,foldx,fold_385_sys_v2_model_0.cif,3.49483,1.02788,0.21123,0.2251,3,ok
385,385_0300,RRQRHESPWL,2,"R3Q,L4R",0.83285,foldx,fold_385_sys_v2_model_0.cif,0.98813,0.79938,-0.7366,0.56813,3,ok
385,385_0301,RRQSHESPWL,2,"R3Q,L4S",0.863678,foldx,fold_385_sys_v2_model_0.cif,2.83427,0.50938,1.13593,0.24686,3,ok
385,385_0302,RRQTHESPWL,2,"R3Q,L4T",0.886533,foldx,fold_385_sys_v2_model_0.cif,2.01957,0.62042,2.08164,0.21486,3,ok
385,385_0303,RRQVHESPWL,2,"R3Q,L4V",0.908641,foldx,fold_385_sys_v2_model_0.cif,2.06303,0.80895,2.85509,0.3099,3,ok
385,385_0304,RRQWHESPWL,2,"R3Q,L4W",0.946869,foldx,fold_385_sys_v2_model_0.cif,0.81933,0.66968,0.5642,0.27011,3,ok
385,385_0305,RRQYHESPWL,2,"R3Q,L4Y",0.958458,foldx,fold_385_sys_v2_model_0.cif,3.73017,0.60035,1.67674,0.23757,3,ok
385,385_0306,RRRAHESPWL,1,L4A,0.877213,foldx,fold_385_sys_v2_model_0.cif,3.1058,0.0003,1.53063,0.00017,3,ok
385,385_0307,RRRCHESPWL,1,L4C,0.89445,foldx,fold_385_sys_v2_model_0.cif,1.53943,0.00453,1.30845,0.00088,3,ok
385,385_0308,RRRDHESPWL,1,L4D,0.891453,foldx,fold_385_sys_v2_model_0.cif,2.43053,0.03427,-0.41764,0.01616,3,ok
385,385_0309,RRREHESPWL,1,L4E,0.932036,foldx,fold_385_sys_v2_model_0.cif,1.7881,0.02356,-0.33032,0.03199,3,ok
385,385_0310,RRRFHESPWL,1,L4F,0.892757,foldx,fold_385_sys_v2_model_0.cif,2.03773,0.11434,0.45153,0.53909,3,ok
385,385_0311,RRRGHESPWL,1,L4G,0.885663,foldx,fold_385_sys_v2_model_0.cif,2.64807,0.00021,0.24541,3e-05,3,ok
385,385_0312,RRRHHESPWL,1,L4H,0.877845,foldx,fold_385_sys_v2_model_0.cif,1.45513,0.26905,1.65164,0.05123,3,ok
385,385_0313,RRRIHESPWL,1,L4I,0.915425,foldx,fold_385_sys_v2_model_0.cif,0.27013,0.07824,1.75421,0.06082,3,ok
385,385_0314,RRRKHESPWL,1,L4K,0.855342,foldx,fold_385_sys_v2_model_0.cif,0.851,0.05307,0.84361,0.02923,3,ok
385,385_0315,RRRLAESPWL,1,H5A,0.815519,foldx,fold_385_sys_v2_model_0.cif,0.24443,0.03982,-0.18365,0.01334,3,ok
385,385_0316,RRRLCESPWL,1,H5C,0.801562,foldx,fold_385_sys_v2_model_0.cif,0.38123,0.05023,0.0214,0.01468,3,ok
385,385_0317,RRRLDESPWL,1,H5D,0.798387,foldx,fold_385_sys_v2_model_0.cif,0.6416,0.06165,-0.63422,0.0334,3,ok
385,385_0318,RRRLEESPWL,1,H5E,0.822131,foldx,fold_385_sys_v2_model_0.cif,0.45683,0.0358,-0.51657,0.02558,3,ok
385,385_0319,RRRLFESPWL,1,H5F,0.81525,foldx,fold_385_sys_v2_model_0.cif,-0.20183,0.16505,-0.38016,0.02461,3,ok
385,385_0320,RRRLGESPWL,1,H5G,0.73473,foldx,fold_385_sys_v2_model_0.cif,0.60493,0.03539,0.45321,0.00867,3,ok
385,385_0321,RRRLHASPWL,1,E6A,0.514601,foldx,fold_385_sys_v2_model_0.cif,1.7825,0.08067,1.66961,0.12479,3,ok
385,385_0322,RRRLHCSPWL,1,E6C,0.501484,foldx,fold_385_sys_v2_model_0.cif,2.0226,0.40384,1.96655,0.41175,3,ok
385,385_0323,RRRLHDSPWL,1,E6D,0.599539,foldx,fold_385_sys_v2_model_0.cif,-0.46717,0.27133,-0.30204,0.35921,3,ok
385,385_0324,RRRLHEAPWL,1,S7A,0.41479,foldx,fold_385_sys_v2_model_0.cif,0.8606,0.0,1.40793,0.0,3,ok
385,385_0325,RRRLHECPWL,1,S7C,0.646703,foldx,fold_385_sys_v2_model_0.cif,2.50547,0.00764,2.81634,0.00559,3,ok
385,385_0326,RRRLHEDPWL,1,S7D,0.462864,foldx,fold_385_sys_v2_model_0.cif,5.0013,0.10506,9.42751,0.07006,3,ok
385,385_0327,RRRLHEEPWL,1,S7E,0.457293,foldx,fold_385_sys_v2_model_0.cif,5.08873,1.00028,6.60084,1.66363,3,ok
385,385_0328,RRRLHEFPWL,1,S7F,0.35709,foldx,fold_385_sys_v2_model_0.cif,2.09097,2.18808,8.22951,0.54732,3,ok
385,385_0329,RRRLHEGPWL,1,S7G,0.790698,foldx,fold_385_sys_v2_model_0.cif,1.7443,0.03057,2.44504,0.02566,3,ok
385,385_0330,RRRLHEHPWL,1,S7H,0.385864,foldx,fold_385_sys_v2_model_0.cif,8.61405,10.46676,12.98375,9.06883,3,ok
385,385_0331,RRRLHEIPWL,1,S7I,0.41799,foldx,fold_385_sys_v2_model_0.cif,4.11243,0.27152,5.41316,0.7245,3,ok
385,385_0332,RRRLHEKPWL,1,S7K,0.380476,foldx,fold_385_sys_v2_model_0.cif,6.93547,1.05054,7.56504,1.0324,3,ok
385,385_0333,RRRLHELPWL,1,S7L,0.358743,foldx,fold_385_sys_v2_model_0.cif,0.80077,0.98897,1.95105,1.04484,3,ok
385,385_0334,RRRLHEMPWL,1,S7M,0.375161,foldx,fold_385_sys_v2_model_0.cif,3.79353,0.55733,4.75301,0.73498,3,ok
385,385_0335,RRRLHENPWL,1,S7N,0.393472,foldx,fold_385_sys_v2_model_0.cif,2.1973,1.24785,3.10269,1.10231,3,ok
385,385_0336,RRRLHEPPWL,1,S7P,0.397869,foldx,fold_385_sys_v2_model_0.cif,5.1795,1.90464,5.83499,1.7489,3,ok
385,385_0337,RRRLHEQPWL,1,S7Q,0.439801,foldx,fold_385_sys_v2_model_0.cif,3.20607,0.80018,4.66972,1.50999,3,ok
385,385_0338,RRRLHERPWL,1,S7R,0.337924,foldx,fold_385_sys_v2_model_0.cif,9.63252,1.10106,10.45692,0.86286,3,ok
385,385_0339,RRRLHESAWL,1,P8A,0.844125,foldx,fold_385_sys_v2_model_0.cif,0.8769,0.00277,1.36317,0.00283,3,ok
385,385_0340,RRRLHESCWL,1,P8C,0.835849,foldx,fold_385_sys_v2_model_0.cif,-0.41147,0.00474,1.24576,0.00173,3,ok
385,385_0341,RRRLHESDWL,1,P8D,0.892187,foldx,fold_385_sys_v2_model_0.cif,-1.0866,0.01268,-0.43988,0.00982,3,ok
385,385_0342,RRRLHESEWL,1,P8E,0.889513,foldx,fold_385_sys_v2_model_0.cif,-1.5564,0.45387,0.00121,0.15764,3,ok
385,385_0343,RRRLHESFWL,1,P8F,0.643065,foldx,fold_385_sys_v2_model_0.cif,-0.24623,0.58531,0.84391,0.02947,3,ok
385,385_0344,RRRLHESGWL,1,P8G,0.830048,foldx,fold_385_sys_v2_model_0.cif,0.8684,0.01217,1.19695,0.028,3,ok
385,385_0345,RRRLHESHWL,1,P8H,0.745239,foldx,fold_385_sys_v2_model_0.cif,-0.47953,0.0852,1.07509,0.04701,3,ok
385,385_0346,RRRLHESIWL,1,P8I,0.811075,foldx,fold_385_sys_v2_model_0.cif,0.73447,0.11325,1.56232,0.17314,3,ok
385,385_0347,RRRLHESKWL,1,P8K,0.781925,foldx,fold_385_sys_v2_model_0.cif,-0.03283,0.18675,1.2564,0.0265,3,ok
385,385_0348,RRRLHESLWL,1,P8L,0.732617,foldx,fold_385_sys_v2_model_0.cif,0.43653,0.28116,1.30023,0.17162,3,ok
385,385_0349,RRRLHESMWL,1,P8M,0.79391,foldx,fold_385_sys_v2_model_0.cif,0.4793,0.13293,1.43584,0.13141,3,ok
385,385_0350,RRRLHESNWL,1,P8N,0.831165,foldx,fold_385_sys_v2_model_0.cif,-0.33553,0.00497,0.86471,0.00158,3,ok
385,385_0351,RRRLHESPAL,1,W9A,0.618281,foldx,fold_385_sys_v2_model_0.cif,3.42207,0.00583,3.26228,0.02483,3,ok
385,385_0352,RRRLHESPCL,1,W9C,0.641551,foldx,fold_385_sys_v2_model_0.cif,3.68813,0.2042,3.6522,0.01634,3,ok
385,385_0353,RRRLHESPDL,1,W9D,0.75832,foldx,fold_385_sys_v2_model_0.cif,2.9139,0.06352,3.18531,0.09923,3,ok
385,385_0354,RRRLHESPEL,1,W9E,0.725689,foldx,fold_385_sys_v2_model_0.cif,1.70747,0.20435,1.93499,0.17878,3,ok
385,385_0355,RRRLHESPFL,1,W9F,0.616198,foldx,fold_385_sys_v2_model_0.cif,2.22653,0.02668,2.142,0.02333,3,ok
385,385_0356,RRRLHESPGL,1,W9G,0.562084,foldx,fold_385_sys_v2_model_0.cif,3.88983,0.04762,4.03933,0.0437,3,ok
385,385_0357,RRRLHESPHL,1,W9H,0.478136,foldx,fold_385_sys_v2_model_0.cif,3.7954,0.57425,3.76983,0.32574,3,ok
385,385_0358,RRRLHESPIL,1,W9I,0.644119,foldx,fold_385_sys_v2_model_0.cif,2.1507,0.09702,2.48671,0.08179,3,ok
385,385_0359,RRRLHESPKL,1,W9K,0.552484,foldx,fold_385_sys_v2_model_0.cif,3.22927,0.02784,3.17067,0.03149,3,ok
385,385_0360,RRRLHESPLL,1,W9L,0.737134,foldx,fold_385_sys_v2_model_0.cif,1.469,0.14759,2.07162,0.11618,3,ok
385,385_0361,RRRLHESPML,1,W9M,0.731085,foldx,fold_385_sys_v2_model_0.cif,1.91053,0.21367,2.32595,0.03233,3,ok
385,385_0362,RRRLHESPNL,1,W9N,0.6895,foldx,fold_385_sys_v2_model_0.cif,3.75977,0.29691,3.74955,0.02236,3,ok
385,385_0363,RRRLHESPPL,1,W9P,0.688556,foldx,fold_385_sys_v2_model_0.cif,2.85423,0.23711,1.49396,0.0055,3,ok
385,385_0364,RRRLHESPQL,1,W9Q,0.540134,foldx,fold_385_sys_v2_model_0.cif,3.09077,0.29903,3.1736,0.0693,3,ok
385,385_0365,RRRLHESPRL,1,W9R,0.507811,foldx,fold_385_sys_v2_model_0.cif,3.55533,0.05357,3.15539,0.06483,3,ok
385,385_0366,RRRLHESPSL,1,W9S,0.655657,foldx,fold_385_sys_v2_model_0.cif,3.746,0.0932,3.66229,0.0923,3,ok
385,385_0367,RRRLHESPTL,1,W9T,0.711549,foldx,fold_385_sys_v2_model_0.cif,3.96093,0.11256,3.53144,0.13621,3,ok
385,385_0368,RRRLHESPVL,1,W9V,0.65753,foldx,fold_385_sys_v2_model_0.cif,3.16463,0.16342,2.98899,0.03309,3,ok
385,385_0369,RRRLHESPWA,1,L10A,0.39741,foldx,fold_385_sys_v2_model_0.cif,3.20683,0.13486,2.87113,0.23716,3,ok
385,385_0370,RRRLHESPWC,1,L10C,0.585345,foldx,fold_385_sys_v2_model_0.cif,3.28187,0.24293,2.96414,0.25297,3,ok
385,385_0371,RRRLHESPWD,1,L10D,0.412657,foldx,fold_385_sys_v2_model_0.cif,3.6579,0.7506,3.86156,0.58491,3,ok
385,385_0372,RRRLHESPWE,1,L10E,0.467639,foldx,fold_385_sys_v2_model_0.cif,4.0558,0.24808,4.16987,0.0217,3,ok
385,385_0373,RRRLHESPWF,1,L10F,0.641654,foldx,fold_385_sys_v2_model_0.cif,1.8648,1.24197,1.43914,1.07205,3,ok
385,385_0374,RRRLHESPWG,1,L10G,0.434789,foldx,fold_385_sys_v2_model_0.cif,3.68807,0.32249,3.3008,0.1785,3,ok
385,385_0375,RRRLHESPWH,1,L10H,0.428136,foldx,fold_385_sys_v2_model_0.cif,1.37203,0.30338,2.11955,0.28005,3,ok
385,385_0376,RRRLHESPWI,1,L10I,0.691902,foldx,fold_385_sys_v2_model_0.cif,0.46383,0.08195,0.79799,0.07287,3,ok
385,385_0377,RRRLHESPWK,1,L10K,0.360163,foldx,fold_385_sys_v2_model_0.cif,2.8013,0.80455,3.03026,1.28997,3,ok
385,385_0378,RRRLHESPWM,1,L10M,0.828533,foldx,fold_385_sys_v2_model_0.cif,0.211,0.07585,0.2985,0.04965,3,ok
385,385_0379,RRRLHESPWN,1,L10N,0.42838,foldx,fold_385_sys_v2_model_0.cif,1.93533,0.25455,1.69589,0.12298,3,ok
385,385_0380,RRRLHESPWP,1,L10P,0.393497,foldx,fold_385_sys_v2_model_0.cif,5.2463,0.06702,6.01545,0.10067,3,ok
385,385_0381,RRRLHESPWQ,1,L10Q,0.424485,foldx,fold_385_sys_v2_model_0.cif,3.0663,0.09511,2.5892,0.05727,3,ok
385,385_0382,RRRLHESPWR,1,L10R,0.420426,foldx,fold_385_sys_v2_model_0.cif,2.50793,0.38792,2.91403,0.8081,3,ok
385,385_0383,RRRLHESPWS,1,L10S,0.394074,foldx,fold_385_sys_v2_model_0.cif,3.35517,0.39589,3.0378,0.06024,3,ok
385,385_0384,RRRLHESPWT,1,L10T,0.409697,foldx,fold_385_sys_v2_model_0.cif,1.7774,0.14975,2.09868,0.13538,3,ok
385,385_0385,RRRLHESPWV,1,L10V,0.6783,foldx,fold_385_sys_v2_model_0.cif,1.65743,0.38302,2.01269,0.26896,3,ok
385,385_0386,RRRLHESPWW,1,L10W,0.446172,foldx,fold_385_sys_v2_model_0.cif,2.14777,1.71807,2.30536,2.01866,3,ok
385,385_0387,RRRLHESPWY,1,L10Y,0.536517,foldx,fold_385_sys_v2_model_0.cif,7.21973,1.509,9.30352,2.02462,3,ok
385,385_0388,RRRLHESPYL,1,W9Y,0.657082,foldx,fold_385_sys_v2_model_0.cif,2.2551,0.00696,2.17543,0.00505,3,ok
385,385_0389,RRRLHESQWL,1,P8Q,0.838312,foldx,fold_385_sys_v2_model_0.cif,-0.28837,0.13106,1.22102,0.08402,3,ok
385,385_0390,RRRLHESRWL,1,P8R,0.716494,foldx,fold_385_sys_v2_model_0.cif,-0.11407,0.12912,0.87774,0.15228,3,ok
385,385_0391,RRRLHESSWL,1,P8S,0.787735,foldx,fold_385_sys_v2_model_0.cif,-0.2985,0.01155,0.62135,0.00045,3,ok
385,385_0392,RRRLHESTWL,1,P8T,0.79642,foldx,fold_385_sys_v2_model_0.cif,-0.4444,0.06322,1.21414,0.03184,3,ok
385,385_0393,RRRLHESVWL,1,P8V,0.820749,foldx,fold_385_sys_v2_model_0.cif,0.83217,0.01915,1.72701,0.01653,3,ok
385,385_0394,RRRLHESWWL,1,P8W,0.683067,foldx,fold_385_sys_v2_model_0.cif,0.76067,0.06702,1.78633,0.00908,3,ok
385,385_0395,RRRLHESYWL,1,P8Y,0.691852,foldx,fold_385_sys_v2_model_0.cif,-0.5418,0.00473,0.90952,0.00283,3,ok
385,385_0396,RRRLHETPWL,1,S7T,0.808718,foldx,fold_385_sys_v2_model_0.cif,1.7485,0.00231,2.23099,0.00967,3,ok
385,385_0397,RRRLHEVPWL,1,S7V,0.396189,foldx,fold_385_sys_v2_model_0.cif,3.59073,0.05822,4.23674,0.00234,3,ok
385,385_0398,RRRLHEWPWL,1,S7W,0.421383,foldx,fold_385_sys_v2_model_0.cif,8.5529,0.68048,12.6403,1.22403,3,ok
385,385_0399,RRRLHEYPWL,1,S7Y,0.45348,foldx,fold_385_sys_v2_model_0.cif,13.19451,2.67364,14.95717,2.05891,3,ok
385,385_0400,RRRLHFSPWL,1,E6F,0.457305,foldx,fold_385_sys_v2_model_0.cif,2.1354,0.66431,2.51972,0.50671,3,ok
385,385_0401,RRRLHGSPWL,1,E6G,0.416082,foldx,fold_385_sys_v2_model_0.cif,2.4284,0.07045,2.58766,0.04623,3,ok
385,385_0402,RRRLHHSPWL,1,E6H,0.631614,foldx,fold_385_sys_v2_model_0.cif,1.79807,0.24467,2.52334,0.08721,3,ok
385,385_0403,RRRLHISPWL,1,E6I,0.524759,foldx,fold_385_sys_v2_model_0.cif,1.18633,0.17044,1.25689,0.18135,3,ok
385,385_0404,RRRLHKSPWL,1,E6K,0.448923,foldx,fold_385_sys_v2_model_0.cif,1.90773,0.06594,1.52592,0.13289,3,ok
385,385_0405,RRRLHLSPWL,1,E6L,0.550875,foldx,fold_385_sys_v2_model_0.cif,1.2426,0.15436,1.25961,0.21286,3,ok
385,385_0406,RRRLHMSPWL,1,E6M,0.655508,foldx,fold_385_sys_v2_model_0.cif,1.20473,0.40334,1.11363,0.21477,3,ok
385,385_0407,RRRLHNSPWL,1,E6N,0.522476,foldx,fold_385_sys_v2_model_0.cif,2.7392,0.87622,2.49489,0.14428,3,ok
385,385_0408,RRRLHPSPWL,1,E6P,0.530004,foldx,fold_385_sys_v2_model_0.cif,1.48543,0.09,1.47951,0.09715,3,ok
385,385_0409,RRRLHQSPWL,1,E6Q,0.73979,foldx,fold_385_sys_v2_model_0.cif,1.84077,0.40968,1.27709,0.14444,3,ok
385,385_0410,RRRLHRSPWL,1,E6R,0.406119,foldx,fold_385_sys_v2_model_0.cif,2.2335,0.28144,2.43207,0.21107,3,ok
385,385_0411,RRRLHSSPWL,1,E6S,0.54053,foldx,fold_385_sys_v2_model_0.cif,2.90403,0.27213,2.8683,0.25915,3,ok
385,385_0412,RRRLHTSPWL,1,E6T,0.500874,foldx,fold_385_sys_v2_model_0.cif,3.15563,1.68763,2.49731,0.68739,3,ok
385,385_0413,RRRLHVSPWL,1,E6V,0.551848,foldx,fold_385_sys_v2_model_0.cif,1.1935,0.15543,1.3327,0.11728,3,ok
385,385_0414,RRRLHWSPWL,1,E6W,0.403588,foldx,fold_385_sys_v2_model_0.cif,1.24247,0.75317,2.30387,0.62404,3,ok
385,385_0415,RRRLHYSPWL,1,E6Y,0.449537,foldx,fold_385_sys_v2_model_0.cif,2.60443,0.50092,2.74744,0.38671,3,ok
385,385_0416,RRRLIESPWL,1,H5I,0.855762,foldx,fold_385_sys_v2_model_0.cif,0.34617,0.02172,-0.28813,0.01754,3,ok
385,385_0417,RRRLKESPWL,1,H5K,0.815179,foldx,fold_385_sys_v2_model_0.cif,0.3519,0.52607,-0.1963,0.04564,3,ok
385,385_0418,RRRLLESPWL,1,H5L,0.803898,foldx,fold_385_sys_v2_model_0.cif,-0.3834,0.07259,-0.57288,0.06879,3,ok
385,385_0419,RRRLMESPWL,1,H5M,0.843121,foldx,fold_385_sys_v2_model_0.cif,-0.5307,0.10735,-0.50011,0.10651,3,ok
385,385_0420,RRRLNESPWL,1,H5N,0.760054,foldx,fold_385_sys_v2_model_0.cif,0.9122,0.39412,-0.17074,0.32003,3,ok
385,385_0421,RRRLPESPWL,1,H5P,0.863774,foldx,fold_385_sys_v2_model_0.cif,-0.6639,0.11333,-2.05364,0.02626,3,ok
385,385_0422,RRRLQESPWL,1,H5Q,0.847457,foldx,fold_385_sys_v2_model_0.cif,0.28943,0.517,-0.26444,0.09396,3,ok
385,385_0423,RRRLRESPWL,1,H5R,0.835641,foldx,fold_385_sys_v2_model_0.cif,0.01993,0.49474,-0.34046,0.03448,3,ok
385,385_0424,RRRLSESPWL,1,H5S,0.80616,foldx,fold_385_sys_v2_model_0.cif,0.40143,0.02361,0.22882,0.00652,3,ok
385,385_0425,RRRLTESPWL,1,H5T,0.852963,foldx,fold_385_sys_v2_model_0.cif,0.87397,0.1429,0.332,0.12078,3,ok
385,385_0426,RRRLVESPWL,1,H5V,0.909534,foldx,fold_385_sys_v2_model_0.cif,0.20833,0.03251,0.02105,0.02588,3,ok
385,385_0427,RRRLWESPWL,1,H5W,0.777749,foldx,fold_385_sys_v2_model_0.cif,-0.8774,0.79678,-0.75534,0.30221,3,ok
385,385_0428,RRRLYESPWL,1,H5Y,0.814665,foldx,fold_385_sys_v2_model_0.cif,-0.34537,0.23161,-0.37004,0.1264,3,ok
385,385_0429,RRRMHESPWL,1,L4M,0.92,foldx,fold_385_sys_v2_model_0.cif,-0.1075,0.0204,-0.18724,0.01518,3,ok
385,385_0430,RRRNHESPWL,1,L4N,0.876881,foldx,fold_385_sys_v2_model_0.cif,2.12503,0.06417,0.19331,0.00096,3,ok
385,385_0431,RRRPHESPWL,1,L4P,0.898267,foldx,fold_385_sys_v2_model_0.cif,1.48583,0.03104,2.69871,0.19013,3,ok
385,385_0432,RRRQHESPWL,1,L4Q,0.859012,foldx,fold_385_sys_v2_model_0.cif,1.69573,0.0149,-0.14849,0.05522,3,ok
385,385_0433,RRRRHESPWL,1,L4R,0.809553,foldx,fold_385_sys_v2_model_0.cif,1.30823,0.106,-0.20117,0.12391,3,ok
385,385_0434,RRRSHESPWL,1,L4S,0.888664,foldx,fold_385_sys_v2_model_0.cif,2.56503,0.00118,0.8761,0.0007,3,ok
385,385_0435,RRRTHESPWL,1,L4T,0.863679,foldx,fold_385_sys_v2_model_0.cif,1.64953,0.00015,1.84516,0.00015,3,ok
385,385_0436,RRRVHESPWL,1,L4V,0.912683,foldx,fold_385_sys_v2_model_0.cif,1.13507,0.0004,2.51355,0.00046,3,ok
385,385_0437,RRRWHESPWL,1,L4W,0.908344,foldx,fold_385_sys_v2_model_0.cif,-0.223,0.1733,0.36542,0.12194,3,ok
385,385_0438,RRRYHESPWL,1,L4Y,0.910531,foldx,fold_385_sys_v2_model_0.cif,2.33447,0.02701,1.15031,0.05336,3,ok
385,385_0439,RRSAHESPWL,2,"R3S,L4A",0.89231,foldx,fold_385_sys_v2_model_0.cif,4.86567,0.76283,1.28686,0.19322,3,ok
385,385_0440,RRSCHESPWL,2,"R3S,L4C",0.905136,foldx,fold_385_sys_v2_model_0.cif,2.80153,0.10469,1.07024,0.04016,3,ok
385,385_0441,RRSDHESPWL,2,"R3S,L4D",0.886674,foldx,fold_385_sys_v2_model_0.cif,4.2172,0.79946,-0.25368,0.18816,3,ok
385,385_0442,RRSEHESPWL,2,"R3S,L4E",0.90094,foldx,fold_385_sys_v2_model_0.cif,3.38683,0.41005,-0.4606,0.15092,3,ok
385,385_0443,RRSFHESPWL,2,"R3S,L4F",0.930789,foldx,fold_385_sys_v2_model_0.cif,2.9968,0.73098,-0.06017,0.09648,3,ok
385,385_0444,RRSGHESPWL,2,"R3S,L4G",0.891223,foldx,fold_385_sys_v2_model_0.cif,3.90687,0.0113,-0.22445,0.01143,3,ok
385,385_0445,RRSHHESPWL,2,"R3S,L4H",0.864386,foldx,fold_385_sys_v2_model_0.cif,2.27573,0.60933,1.50907,0.02177,3,ok
385,385_0446,RRSIHESPWL,2,"R3S,L4I",0.886287,foldx,fold_385_sys_v2_model_0.cif,2.02767,1.12433,1.51078,0.15927,3,ok
385,385_0447,RRSKHESPWL,2,"R3S,L4K",0.841447,foldx,fold_385_sys_v2_model_0.cif,2.15787,0.02891,0.61069,0.00721,3,ok
385,385_0448,RRSLHESPWL,1,R3S,0.954547,foldx,fold_385_sys_v2_model_0.cif,1.80137,0.82397,-0.15507,0.084,3,ok
385,385_0449,RRSMHESPWL,2,"R3S,L4M",0.945593,foldx,fold_385_sys_v2_model_0.cif,1.16337,0.07571,-0.46618,0.049,3,ok
385,385_0450,RRSNHESPWL,2,"R3S,L4N",0.857333,foldx,fold_385_sys_v2_model_0.cif,3.5722,0.4359,0.18534,0.16792,3,ok
385,385_0451,RRSPHESPWL,2,"R3S,L4P",0.914051,foldx,fold_385_sys_v2_model_0.cif,2.80357,0.05907,2.86322,0.20861,3,ok
385,385_0452,RRSQHESPWL,2,"R3S,L4Q",0.891724,foldx,fold_385_sys_v2_model_0.cif,3.0548,0.02366,-0.37461,0.04456,3,ok
385,385_0453,RRSRHESPWL,2,"R3S,L4R",0.852387,foldx,fold_385_sys_v2_model_0.cif,2.25863,0.57499,-0.97054,0.53777,3,ok
385,385_0454,RRSSHESPWL,2,"R3S,L4S",0.877649,foldx,fold_385_sys_v2_model_0.cif,4.2513,0.55668,0.64056,0.14513,3,ok
385,385_0455,RRSTHESPWL,2,"R3S,L4T",0.900122,foldx,fold_385_sys_v2_model_0.cif,3.3431,0.38415,1.74583,0.05709,3,ok
385,385_0456,RRSVHESPWL,2,"R3S,L4V",0.901347,foldx,fold_385_sys_v2_model_0.cif,2.3729,0.01592,2.21973,0.02833,3,ok
385,385_0457,RRSWHESPWL,2,"R3S,L4W",0.91612,foldx,fold_385_sys_v2_model_0.cif,0.57677,0.7109,0.08511,0.13599,3,ok
385,385_0458,RRSYHESPWL,2,"R3S,L4Y",0.886262,foldx,fold_385_sys_v2_model_0.cif,5.17773,0.80854,1.00281,0.16791,3,ok
385,385_0459,RRTAHESPWL,2,"R3T,L4A",0.92715,foldx,fold_385_sys_v2_model_0.cif,3.33043,0.05137,1.81235,0.03477,3,ok
385,385_0460,RRTCHESPWL,2,"R3T,L4C",0.896414,foldx,fold_385_sys_v2_model_0.cif,2.8232,0.40792,2.42719,0.13643,3,ok
385,385_0461,RRTDHESPWL,2,"R3T,L4D",0.903789,foldx,fold_385_sys_v2_model_0.cif,3.47443,0.04009,0.70664,0.03069,3,ok
385,385_0462,RRTEHESPWL,2,"R3T,L4E",0.935688,foldx,fold_385_sys_v2_model_0.cif,2.99843,0.07158,0.82738,0.01794,3,ok
385,385_0463,RRTFHESPWL,2,"R3T,L4F",0.956842,foldx,fold_385_sys_v2_model_0.cif,2.90953,0.06049,1.08383,0.09906,3,ok
385,385_0464,RRTGHESPWL,2,"R3T,L4G",0.911787,foldx,fold_385_sys_v2_model_0.cif,3.94733,0.4806,1.44506,0.14485,3,ok
385,385_0465,RRTHHESPWL,2,"R3T,L4H",0.849908,foldx,fold_385_sys_v2_model_0.cif,2.46887,0.38395,2.61953,0.06928,3,ok
385,385_0466,RRTIHESPWL,2,"R3T,L4I",0.907127,foldx,fold_385_sys_v2_model_0.cif,1.19883,0.04569,2.64897,0.08876,3,ok
385,385_0467,RRTKHESPWL,2,"R3T,L4K",0.897787,foldx,fold_385_sys_v2_model_0.cif,2.86853,0.87525,1.9981,0.26561,3,ok
385,385_0468,RRTLHESPWL,1,R3T,0.977868,foldx,fold_385_sys_v2_model_0.cif,0.98167,0.07346,0.92945,0.04451,3,ok
385,385_0469,RRTMHESPWL,2,"R3T,L4M",0.959459,foldx,fold_385_sys_v2_model_0.cif,0.91343,0.05077,0.76363,0.09726,3,ok
385,385_0470,RRTNHESPWL,2,"R3T,L4N",0.867872,foldx,fold_385_sys_v2_model_0.cif,3.1306,0.00927,1.21193,0.06438,3,ok
385,385_0471,RRTPHESPWL,2,"R3T,L4P",0.906617,foldx,fold_385_sys_v2_model_0.cif,3.09603,1.17781,3.54431,0.40198,3,ok
385,385_0472,RRTQHESPWL,2,"R3T,L4Q",0.936081,foldx,fold_385_sys_v2_model_0.cif,3.18963,0.70761,0.80434,0.26283,3,ok
385,385_0473,RRTRHESPWL,2,"R3T,L4R",0.875428,foldx,fold_385_sys_v2_model_0.cif,1.92263,0.52458,0.52483,0.45086,3,ok
385,385_0474,RRTSHESPWL,2,"R3T,L4S",0.883584,foldx,fold_385_sys_v2_model_0.cif,3.92177,0.44711,2.04307,0.20444,3,ok
385,385_0475,RRTTHESPWL,2,"R3T,L4T",0.894718,foldx,fold_385_sys_v2_model_0.cif,2.68853,0.04976,2.7845,0.0312,3,ok
385,385_0476,RRTVHESPWL,2,"R3T,L4V",0.941159,foldx,fold_385_sys_v2_model_0.cif,2.0517,0.07691,3.45645,0.01407,3,ok
385,385_0477,RRTWHESPWL,2,"R3T,L4W",0.929465,foldx,fold_385_sys_v2_model_0.cif,1.01747,0.05402,1.56834,0.09483,3,ok
385,385_0478,RRTYHESPWL,2,"R3T,L4Y",0.888079,foldx,fold_385_sys_v2_model_0.cif,3.2403,0.03424,2.12533,0.10352,3,ok
385,385_0479,RRVAHESPWL,2,"R3V,L4A",0.911768,foldx,fold_385_sys_v2_model_0.cif,3.71707,0.23469,1.76218,0.05183,3,ok
385,385_0480,RRVCHESPWL,2,"R3V,L4C",0.938162,foldx,fold_385_sys_v2_model_0.cif,2.50507,0.02475,2.21993,0.03937,3,ok
385,385_0481,RRVDHESPWL,2,"R3V,L4D",0.891372,foldx,fold_385_sys_v2_model_0.cif,3.57037,0.12306,0.67981,0.10697,3,ok
385,385_0482,RRVEHESPWL,2,"R3V,L4E",0.910049,foldx,fold_385_sys_v2_model_0.cif,3.5825,1.12848,0.88839,0.29475,3,ok
385,385_0483,RRVFHESPWL,2,"R3V,L4F",0.91688,foldx,fold_385_sys_v2_model_0.cif,3.4113,0.71987,1.08156,0.21143,3,ok
385,385_0484,RRVGHESPWL,2,"R3V,L4G",0.907516,foldx,fold_385_sys_v2_model_0.cif,3.58877,0.09417,1.34355,0.04829,3,ok
385,385_0485,RRVHHESPWL,2,"R3V,L4H",0.914468,foldx,fold_385_sys_v2_model_0.cif,2.5843,0.54081,2.65377,0.22753,3,ok
385,385_0486,RRVIHESPWL,2,"R3V,L4I",0.920144,foldx,fold_385_sys_v2_model_0.cif,1.1122,0.11789,2.53322,0.04954,3,ok
385,385_0487,RRVKHESPWL,2,"R3V,L4K",0.896556,foldx,fold_385_sys_v2_model_0.cif,1.85297,0.08088,1.75249,0.05958,3,ok
385,385_0488,RRVLHESPWL,1,R3V,0.960723,foldx,fold_385_sys_v2_model_0.cif,0.93763,0.00398,0.81421,0.02281,3,ok
385,385_0489,RRVMHESPWL,2,"R3V,L4M",0.932408,foldx,fold_385_sys_v2_model_0.cif,0.8731,0.09697,0.69411,0.0104,3,ok
385,385_0490,RRVNHESPWL,2,"R3V,L4N",0.88983,foldx,fold_385_sys_v2_model_0.cif,3.52513,0.61318,1.19557,0.13413,3,ok
385,385_0491,RRVPHESPWL,2,"R3V,L4P",0.912075,foldx,fold_385_sys_v2_model_0.cif,2.81663,0.33158,3.31775,0.09432,3,ok
385,385_0492,RRVQHESPWL,2,"R3V,L4Q",0.935637,foldx,fold_385_sys_v2_model_0.cif,2.7637,0.1371,0.59114,0.19803,3,ok
385,385_0493,RRVRHESPWL,2,"R3V,L4R",0.881993,foldx,fold_385_sys_v2_model_0.cif,1.9725,0.5929,0.37927,0.58096,3,ok
385,385_0494,RRVSHESPWL,2,"R3V,L4S",0.910587,foldx,fold_385_sys_v2_model_0.cif,4.18727,1.00263,2.01419,0.30806,3,ok
385,385_0495,RRVTHESPWL,2,"R3V,L4T",0.913863,foldx,fold_385_sys_v2_model_0.cif,2.72107,0.08065,2.69286,0.0253,3,ok
385,385_0496,RRVVHESPWL,2,"R3V,L4V",0.924693,foldx,fold_385_sys_v2_model_0.cif,2.7767,0.79922,3.52166,0.17883,3,ok
385,385_0497,RRVWHESPWL,2,"R3V,L4W",0.939427,foldx,fold_385_sys_v2_model_0.cif,0.94607,0.32421,1.41194,0.32322,3,ok
385,385_0498,RRVYHESPWL,2,"R3V,L4Y",0.935247,foldx,fold_385_sys_v2_model_0.cif,3.37497,0.11902,2.12953,0.05464,3,ok
385,385_0499,RRWAHESPWL,2,"R3W,L4A",0.879194,foldx,fold_385_sys_v2_model_0.cif,2.8223,0.01355,1.53439,0.01471,3,ok
385,385_0500,RRWCHESPWL,2,"R3W,L4C",0.897522,foldx,fold_385_sys_v2_model_0.cif,1.98493,0.14569,1.80375,0.13193,3,ok
385,385_0501,RRWDHESPWL,2,"R3W,L4D",0.903798,foldx,fold_385_sys_v2_model_0.cif,2.94743,0.01485,0.41048,0.03112,3,ok
385,385_0502,RRWEHESPWL,2,"R3W,L4E",0.942448,foldx,fold_385_sys_v2_model_0.cif,2.42477,0.03942,0.49166,0.06722,3,ok
385,385_0503,RRWFHESPWL,2,"R3W,L4F",0.895993,foldx,fold_385_sys_v2_model_0.cif,2.80467,0.32977,0.91795,0.09752,3,ok
385,385_0504,RRWGHESPWL,2,"R3W,L4G",0.915578,foldx,fold_385_sys_v2_model_0.cif,3.31993,0.44839,0.7036,0.13676,3,ok
385,385_0505,RRWHHESPWL,2,"R3W,L4H",0.888619,foldx,fold_385_sys_v2_model_0.cif,1.7503,0.00775,2.3638,0.00841,3,ok
385,385_0506,RRWIHESPWL,2,"R3W,L4I",0.921109,foldx,fold_385_sys_v2_model_0.cif,1.3363,1.15982,2.37509,0.27847,3,ok
385,385_0507,RRWKHESPWL,2,"R3W,L4K",0.944038,foldx,fold_385_sys_v2_model_0.cif,1.44433,0.03292,1.49014,0.03948,3,ok
385,385_0508,RRWLHESPWL,1,R3W,0.962538,foldx,fold_385_sys_v2_model_0.cif,1.04463,0.83927,0.70205,0.10373,3,ok
385,385_0509,RRWMHESPWL,2,"R3W,L4M",0.952902,foldx,fold_385_sys_v2_model_0.cif,0.41387,0.044,0.37651,0.0376,3,ok
385,385_0510,RRWNHESPWL,2,"R3W,L4N",0.901849,foldx,fold_385_sys_v2_model_0.cif,2.95393,0.34088,0.97136,0.19359,3,ok
385,385_0511,RRWPHESPWL,2,"R3W,L4P",0.897672,foldx,fold_385_sys_v2_model_0.cif,1.9396,0.00225,3.2616,0.03772,3,ok
385,385_0512,RRWQHESPWL,2,"R3W,L4Q",0.922672,foldx,fold_385_sys_v2_model_0.cif,2.36367,0.08235,0.25632,0.02998,3,ok
385,385_0513,RRWRHESPWL,2,"R3W,L4R",0.874753,foldx,fold_385_sys_v2_model_0.cif,2.0942,1.33539,0.02685,0.55816,3,ok
385,385_0514,RRWSHESPWL,2,"R3W,L4S",0.888946,foldx,fold_385_sys_v2_model_0.cif,3.46703,0.51211,1.51049,0.11091,3,ok
385,385_0515,RRWTHESPWL,2,"R3W,L4T",0.902962,foldx,fold_385_sys_v2_model_0.cif,2.1065,0.00597,2.52944,0.00597,3,ok
385,385_0516,RRWVHESPWL,2,"R3W,L4V",0.918639,foldx,fold_385_sys_v2_model_0.cif,2.0924,0.3184,3.2002,0.06545,3,ok
385,385_0517,RRWWHESPWL,2,"R3W,L4W",0.898224,foldx,fold_385_sys_v2_model_0.cif,0.23167,0.29504,1.07449,0.27326,3,ok
385,385_0518,RRWYHESPWL,2,"R3W,L4Y",0.904353,foldx,fold_385_sys_v2_model_0.cif,4.06183,0.99833,1.96422,0.1047,3,ok
385,385_0519,RRYAHESPWL,2,"R3Y,L4A",0.937573,foldx,fold_385_sys_v2_model_0.cif,2.56293,0.00638,0.99768,0.00988,3,ok
385,385_0520,RRYCHESPWL,2,"R3Y,L4C",0.914336,foldx,fold_385_sys_v2_model_0.cif,2.28297,0.82477,1.53918,0.08386,3,ok
385,385_0521,RRYDHESPWL,2,"R3Y,L4D",0.912261,foldx,fold_385_sys_v2_model_0.cif,2.9308,0.43283,-0.01548,0.16057,3,ok
385,385_0522,RRYEHESPWL,2,"R3Y,L4E",0.930096,foldx,fold_385_sys_v2_model_0.cif,2.13237,0.02098,0.05918,0.01244,3,ok
385,385_0523,RRYFHESPWL,2,"R3Y,L4F",0.902947,foldx,fold_385_sys_v2_model_0.cif,2.1573,0.02953,0.39081,0.08309,3,ok
385,385_0524,RRYGHESPWL,2,"R3Y,L4G",0.908481,foldx,fold_385_sys_v2_model_0.cif,2.9994,0.00892,0.43711,0.0079,3,ok
385,385_0525,RRYHHESPWL,2,"R3Y,L4H",0.880843,foldx,fold_385_sys_v2_model_0.cif,1.48373,0.02217,1.84414,0.01179,3,ok
385,385_0526,RRYIHESPWL,2,"R3Y,L4I",0.8663,foldx,fold_385_sys_v2_model_0.cif,0.73357,0.27392,1.92351,0.02052,3,ok
385,385_0527,RRYKHESPWL,2,"R3Y,L4K",0.871527,foldx,fold_385_sys_v2_model_0.cif,2.31403,1.06145,1.1613,0.15691,3,ok
385,385_0528,RRYLHESPWL,1,R3Y,0.955265,foldx,fold_385_sys_v2_model_0.cif,0.26953,0.0004,0.16908,0.00139,3,ok
385,385_0529,RRYMHESPWL,2,"R3Y,L4M",0.937425,foldx,fold_385_sys_v2_model_0.cif,0.1372,0.04645,-0.048,0.047,3,ok
385,385_0530,RRYNHESPWL,2,"R3Y,L4N",0.858893,foldx,fold_385_sys_v2_model_0.cif,2.31007,0.05817,0.45107,0.01786,3,ok
385,385_0531,RRYPHESPWL,2,"R3Y,L4P",0.897589,foldx,fold_385_sys_v2_model_0.cif,2.24017,1.06773,2.70449,0.11764,3,ok
385,385_0532,RRYQHESPWL,2,"R3Y,L4Q",0.934214,foldx,fold_385_sys_v2_model_0.cif,2.52237,0.89637,-0.13277,0.14932,3,ok
385,385_0533,RRYRHESPWL,2,"R3Y,L4R",0.910364,foldx,fold_385_sys_v2_model_0.cif,1.86227,1.4122,-0.15086,0.58396,3,ok
385,385_0534,RRYSHESPWL,2,"R3Y,L4S",0.902305,foldx,fold_385_sys_v2_model_0.cif,3.3071,0.97706,1.17083,0.11898,3,ok
385,385_0535,RRYTHESPWL,2,"R3Y,L4T",0.916305,foldx,fold_385_sys_v2_model_0.cif,1.82387,0.04848,1.98593,0.01378,3,ok
385,385_0536,RRYVHESPWL,2,"R3Y,L4V",0.925659,foldx,fold_385_sys_v2_model_0.cif,1.54733,0.01548,2.77511,0.00223,3,ok
385,385_0537,RRYWHESPWL,2,"R3Y,L4W",0.940185,foldx,fold_385_sys_v2_model_0.cif,0.11287,0.01639,0.74702,0.02979,3,ok
385,385_0538,RRYYHESPWL,2,"R3Y,L4Y",0.905991,foldx,fold_385_sys_v2_model_0.cif,2.953,0.83643,1.78582,0.69103,3,ok
385,385_0539,RSRLHESPWL,1,R2S,0.855494,foldx,fold_385_sys_v2_model_0.cif,0.3117,0.10182,0.17973,0.09728,3,ok
385,385_0540,RTRLHESPWL,1,R2T,0.887886,foldx,fold_385_sys_v2_model_0.cif,0.31543,0.2245,0.35635,0.10552,3,ok
385,385_0541,RVRLHESPWL,1,R2V,0.856965,foldx,fold_385_sys_v2_model_0.cif,0.5084,0.0,0.60616,0.00028,3,ok
385,385_0542,RWRLHESPWL,1,R2W,0.834648,foldx,fold_385_sys_v2_model_0.cif,0.35587,0.08508,0.14885,0.07416,3,ok
385,385_0543,RYRLHESPWL,1,R2Y,0.855347,foldx,fold_385_sys_v2_model_0.cif,0.37837,0.12749,-0.01575,0.10432,3,ok
385,385_0544,SRRLHESPWL,1,R1S,0.867513,foldx,fold_385_sys_v2_model_0.cif,0.72993,0.00076,0.49571,0.00587,3,ok
385,385_0545,TRRLHESPWL,1,R1T,0.897849,foldx,fold_385_sys_v2_model_0.cif,0.76373,0.14262,0.60789,0.13825,3,ok
385,385_0546,VRRLHESPWL,1,R1V,0.827745,foldx,fold_385_sys_v2_model_0.cif,0.68037,0.04567,0.69818,0.01421,3,ok
385,385_0547,WRRLHESPWL,1,R1W,0.8547,foldx,fold_385_sys_v2_model_0.cif,-0.2275,0.09199,0.50781,0.23679,3,ok
385,385_0548,YRRLHESPWL,1,R1Y,0.862764,foldx,fold_385_sys_v2_model_0.cif,-0.51917,0.01595,0.03005,0.05067,3,ok
