id,member,ddg_binding,seconds
385_0001,0,1.84837,50.9
385_0001,1,0.20472,53.9
385_0001,2,0.8566,44.3
385_0001,3,1.0681,45.2
385_0001,4,0.33751,51.3
385_0002,0,-0.01379,49.3
385_0002,1,0.463,47.9
385_0002,2,1.80896,51.4
385_0002,3,0.31243,52.0
385_0002,4,1.84688,47.3
385_0003,0,1.67408,47.1
385_0003,1,0.23503,46.5
385_0003,2,0.30782,31.3
385_0003,3,0.25598,39.4
385_0003,4,0.5232,37.3
385_0004,0,0.01175,35.0
385_0004,1,0.1189,37.8
385_0004,2,2.02711,37.8
385_0004,3,0.97657,37.9
385_0004,4,1.92447,32.9
385_0005,0,-1.14147,33.6
385_0005,1,-1.37712,34.1
385_0005,2,1.45168,32.6
385_0005,3,-0.57894,33.5
385_0005,4,-0.61655,30.8
385_0006,0,0.53144,30.3
385_0006,1,0.65931,36.7
385_0006,2,0.5159,35.2
385_0006,3,0.15845,34.3
385_0006,4,1.66316,34.6
385_0007,0,1.31906,30.2
385_0007,1,-0.22531,32.1
385_0007,2,-0.29131,36.8
385_0007,3,0.2081,34.8
385_0007,4,-0.65217,30.5
385_0008,0,0.32056,39.3
385_0008,1,0.10299,39.6
385_0008,2,0.06193,30.4
385_0008,3,0.09111,29.6
385_0008,4,0.64307,44.1
385_0009,0,-0.12826,31.3
385_0009,1,-0.69599,31.4
385_0009,2,-0.00148,30.8
385_0009,3,-0.23311,37.1
385_0009,4,-0.16549,31.0
385_0010,0,-0.03469,31.2
385_0010,1,0.40943,35.2
385_0010,2,-0.30799,36.5
385_0010,3,-0.04353,33.3
385_0010,4,0.75387,29.8
385_0011,0,1.08159,39.0
385_0011,1,1.77769,30.3
385_0011,2,-0.07835,32.4
385_0011,3,0.24105,30.8
385_0011,4,-0.15651,30.5
385_0012,0,1.28669,30.4
385_0012,1,1.82745,35.4
385_0012,2,1.06404,34.2
385_0012,3,0.47025,36.9
385_0012,4,-1.50512,39.9
385_0013,0,1.37196,35.2
385_0013,1,1.26733,44.4
385_0013,2,0.50292,33.8
385_0013,3,0.38537,34.2
385_0013,4,0.29685,31.9
385_0014,0,-0.02761,34.0
385_0014,1,-0.02322,31.4
385_0014,2,0.50502,35.5
385_0014,3,0.84304,31.2
385_0014,4,-0.97512,36.5
385_0015,0,0.02896,35.5
385_0015,1,0.1997,30.6
385_0015,2,0.04827,28.9
385_0015,3,0.12442,31.2
385_0015,4,0.05025,29.4
385_0016,0,-0.97933,32.3
385_0016,1,0.15656,28.4
385_0016,2,0.01896,28.3
385_0016,3,0.05235,29.5
385_0016,4,0.03964,29.1
385_0017,0,-0.03336,28.0
385_0017,1,-0.09259,36.5
385_0017,2,-0.04099,31.4
385_0017,3,-0.04008,28.2
385_0017,4,-0.14474,31.8
385_0018,0,-0.03258,30.9
385_0018,1,-0.04441,32.6
385_0018,2,-0.58892,29.0
385_0018,3,-0.04261,27.8
385_0018,4,0.07218,28.8
385_0019,0,0.029,28.1
385_0019,1,0.39167,32.6
385_0019,2,0.20016,29.0
385_0019,3,0.59782,28.0
385_0019,4,-0.01931,34.1
385_0020,0,-0.00945,29.7
385_0020,1,0.29125,38.3
385_0020,2,0.073,31.9
385_0020,3,0.15429,35.9
385_0020,4,0.08322,28.8
385_0021,0,0.14231,27.6
385_0021,1,-0.14244,29.4
385_0021,2,-0.1455,33.2
385_0021,3,-0.02753,31.1
385_0021,4,0.85752,31.4
385_0022,0,-0.05175,29.4
385_0022,1,0.13831,34.4
385_0022,2,0.23457,36.0
385_0022,3,-0.29728,33.5
385_0022,4,0.08698,28.4
385_0023,0,0.00072,28.2
385_0023,1,0.01339,28.5
385_0023,2,0.15845,35.1
385_0023,3,0.19181,37.7
385_0023,4,-0.02796,29.8
385_0024,0,0.03199,30.7
385_0024,1,0.08746,35.2
385_0024,2,-0.04711,29.5
385_0024,3,0.19027,33.0
385_0024,4,0.00117,29.5
385_0025,0,-0.15304,34.8
385_0025,1,-0.06894,29.7
385_0025,2,0.29109,30.9
385_0025,3,0.19196,32.1
385_0025,4,0.05208,34.6
385_0026,0,-0.35694,32.9
385_0026,1,-0.06846,32.5
385_0026,2,1.26971,26.7
385_0026,3,0.3417,36.7
385_0026,4,0.01549,31.3
385_0027,0,-0.60693,29.6
385_0027,1,0.2638,39.7
385_0027,2,0.6604,35.5
385_0027,3,0.18256,28.2
385_0027,4,2.64989,28.5
385_0028,0,-0.0367,28.0
385_0028,1,-0.01106,29.8
385_0028,2,2.63463,35.9
385_0028,3,0.25136,28.4
385_0028,4,-0.02491,30.8
385_0029,0,2.53796,35.7
385_0029,1,1.97986,37.9
385_0029,2,2.19743,31.9
385_0029,3,2.35474,38.2
385_0029,4,0.43781,30.2
385_0030,0,2.38303,37.0
385_0030,1,2.62213,34.4
385_0030,2,3.73624,33.7
385_0030,3,1.07476,37.5
385_0030,4,1.63903,30.7
385_0031,0,1.65292,29.8
385_0031,1,2.49306,30.5
385_0031,2,1.52941,32.1
385_0031,3,0.3594,30.1
385_0031,4,1.68024,30.5
385_0032,0,1.27069,29.8
385_0032,1,1.53874,30.3
385_0032,2,3.86851,31.0
385_0032,3,2.20919,33.4
385_0032,4,0.63028,31.7
385_0033,0,0.40478,30.4
385_0033,1,0.30003,32.6
385_0033,2,0.55174,34.9
385_0033,3,2.87276,31.2
385_0033,4,0.38611,39.9
385_0034,0,2.05256,31.9
385_0034,1,1.49954,34.4
385_0034,2,2.41123,35.3
385_0034,3,2.65891,30.2
385_0034,4,2.82218,34.0
385_0035,0,1.22922,30.5
385_0035,1,1.1738,36.2
385_0035,2,0.68693,30.4
385_0035,3,0.77132,31.1
385_0035,4,1.32058,31.2
385_0036,0,1.42618,30.8
385_0036,1,2.9718,37.0
385_0036,2,0.77655,30.3
385_0036,3,1.36368,30.8
385_0036,4,1.77717,31.3
385_0037,0,0.23696,31.9
385_0037,1,2.07973,33.8
385_0037,2,1.29387,31.6
385_0037,3,1.27887,34.1
385_0037,4,0.75902,31.5
385_0038,0,0.31559,36.0
385_0038,1,0.62203,30.9
385_0038,2,0.15737,31.8
385_0038,3,0.12564,34.7
385_0038,4,-0.04874,29.8
385_0039,0,1.4949,30.1
385_0039,1,1.53531,32.8
385_0039,2,0.63714,36.9
385_0039,3,1.4068,33.7
385_0039,4,0.69356,30.4
385_0040,0,1.257,34.7
385_0040,1,1.97272,34.5
385_0040,2,0.05078,32.0
385_0040,3,0.90068,36.5
385_0040,4,1.35417,30.1
385_0041,0,2.72382,29.0
385_0041,1,0.81019,32.8
385_0041,2,1.0786,32.6
385_0041,3,-0.14319,37.0
385_0041,4,-0.09588,35.4
385_0042,0,1.59973,29.9
385_0042,1,1.43797,36.7
385_0042,2,2.04007,36.9
385_0042,3,0.84005,34.6
385_0042,4,1.18462,34.9
385_0043,0,1.28526,31.7
385_0043,1,1.00372,38.8
385_0043,2,1.88616,37.3
385_0043,3,1.69512,30.1
385_0043,4,0.39857,31.1
385_0044,0,2.04839,30.9
385_0044,1,0.46548,30.8
385_0044,2,1.53992,33.9
385_0044,3,1.56778,37.4
385_0044,4,1.582,31.1
385_0045,0,1.22978,38.2
385_0045,1,1.64687,36.7
385_0045,2,1.45394,37.2
385_0045,3,2.25199,36.2
385_0045,4,0.28727,33.8
385_0046,0,0.11797,32.1
385_0046,1,1.92842,30.9
385_0046,2,1.6917,33.8
385_0046,3,2.48358,30.1
385_0046,4,2.75929,33.1
385_0047,0,2.00578,31.2
385_0047,1,0.47078,32.9
385_0047,2,0.75184,30.2
385_0047,3,0.5195,30.2
385_0047,4,0.80292,35.8
385_0048,0,0.04975,35.8
385_0048,1,2.6763,33.2
385_0048,2,2.00773,35.0
385_0048,3,1.90645,33.3
385_0048,4,0.36853,31.7
385_0049,0,1.69635,33.3
385_0049,1,1.57403,31.7
385_0049,2,2.16191,31.0
385_0049,3,0.40313,29.9
385_0049,4,1.81088,31.4
385_0050,0,1.70842,33.3
385_0050,1,1.66478,35.5
385_0050,2,4.6421,34.4
385_0050,3,1.91169,32.5
385_0050,4,1.04085,34.4
385_0051,0,1.81624,33.0
385_0051,1,1.34447,36.8
385_0051,2,1.66979,32.5
385_0051,3,0.47758,37.5
385_0051,4,2.02309,39.4
385_0052,0,1.50173,29.8
385_0052,1,1.14694,35.2
385_0052,2,1.62338,35.2
385_0052,3,1.24662,31.4
385_0052,4,1.14212,36.2
385_0053,0,0.09939,37.3
385_0053,1,0.81412,31.8
385_0053,2,0.12372,38.3
385_0053,3,0.93394,32.1
385_0053,4,0.16403,39.2
385_0054,0,2.52057,30.7
385_0054,1,2.30624,38.5
385_0054,2,1.66145,31.1
385_0054,3,2.18911,35.4
385_0054,4,3.00626,32.8
385_0055,0,0.98371,37.7
385_0055,1,0.47908,35.6
385_0055,2,1.38826,30.9
385_0055,3,1.20532,32.7
385_0055,4,0.96194,42.5
385_0056,0,1.94112,35.3
385_0056,1,1.78187,31.9
385_0056,2,0.71599,33.5
385_0056,3,0.1863,31.7
385_0056,4,3.49186,36.8
385_0057,0,1.83655,32.8
385_0057,1,1.22864,45.0
385_0057,2,1.74867,41.2
385_0057,3,2.13868,36.9
385_0057,4,1.47531,35.6
385_0058,0,0.38646,43.4
385_0058,1,0.73457,34.4
385_0058,2,0.46074,39.0
385_0058,3,-0.48633,37.0
385_0058,4,0.06869,34.3
385_0059,0,0.09241,33.3
385_0059,1,0.86028,31.9
385_0059,2,1.65922,31.8
385_0059,3,1.45962,35.2
385_0059,4,1.78924,43.3
385_0060,0,1.12374,32.0
385_0060,1,1.41037,32.3
385_0060,2,1.81115,41.5
385_0060,3,2.11057,33.9
385_0060,4,1.45687,33.8
385_0061,0,3.25279,34.3
385_0061,1,0.79221,31.3
385_0061,2,-2.11051,38.9
385_0061,3,2.19096,49.2
385_0061,4,2.83776,33.3
385_0062,0,1.48644,39.5
385_0062,1,1.53417,39.3
385_0062,2,2.3524,34.3
385_0062,3,2.35493,32.6
385_0062,4,2.84034,40.1
385_0063,0,0.70759,37.1
385_0063,1,0.30894,32.5
385_0063,2,0.01523,33.2
385_0063,3,0.97709,33.7
385_0063,4,0.94826,30.8
385_0064,0,2.21548,31.9
385_0064,1,2.60851,37.7
385_0064,2,1.34951,40.9
385_0064,3,2.28662,40.9
385_0064,4,1.76873,32.1
385_0065,0,2.40506,36.7
385_0065,1,1.70449,35.1
385_0065,2,0.80219,32.5
385_0065,3,2.60846,40.5
385_0065,4,1.41774,35.3
385_0066,0,2.49083,32.2
385_0066,1,3.0106,37.6
385_0066,2,0.6157,39.2
385_0066,3,0.16743,34.0
385_0066,4,4.10395,35.6
385_0067,0,2.2023,32.5
385_0067,1,0.72171,35.4
385_0067,2,-0.23653,32.4
385_0067,3,0.0249,36.0
385_0067,4,0.95273,32.2
385_0068,0,-0.02678,37.4
385_0068,1,0.5111,37.0
385_0068,2,0.50185,35.2
385_0068,3,1.1268,36.6
385_0068,4,0.10333,36.6
385_0069,0,0.66845,33.0
385_0069,1,1.84748,39.0
385_0069,2,2.22962,33.9
385_0069,3,1.33788,34.0
385_0069,4,2.25586,34.5
385_0070,0,2.2548,34.5
385_0070,1,2.99481,34.8
385_0070,2,0.44306,37.5
385_0070,3,1.09713,36.9
385_0070,4,1.19118,42.4
385_0071,0,2.4778,36.5
385_0071,1,1.79213,36.9
385_0071,2,1.06578,36.4
385_0071,3,2.24202,32.7
385_0071,4,1.31374,32.8
385_0072,0,2.78821,34.3
385_0072,1,2.07021,32.6
385_0072,2,1.25968,35.3
385_0072,3,2.48382,31.8
385_0072,4,1.92183,31.8
385_0073,0,-0.09797,33.7
385_0073,1,0.34006,35.6
385_0073,2,0.74189,39.5
385_0073,3,0.29449,39.0
385_0073,4,1.06554,34.9
385_0074,0,2.58127,32.8
385_0074,1,1.16337,33.0
385_0074,2,2.94262,36.7
385_0074,3,2.02155,37.5
385_0074,4,1.57068,37.5
385_0075,0,1.21451,36.9
385_0075,1,0.50418,34.8
385_0075,2,1.31599,37.8
385_0075,3,1.83236,41.8
385_0075,4,0.97364,34.7
385_0076,0,1.86976,38.1
385_0076,1,1.4725,31.4
385_0076,2,1.31475,37.0
385_0076,3,2.43258,36.5
385_0076,4,3.5399,33.4
385_0077,0,2.86966,33.8
385_0077,1,1.6505,35.0
385_0077,2,2.02665,32.9
385_0077,3,2.04031,36.3
385_0077,4,0.13359,33.3
385_0078,0,0.79653,38.7
385_0078,1,0.2561,31.7
385_0078,2,0.40219,39.2
385_0078,3,0.19109,36.6
385_0078,4,0.12786,37.4
385_0079,0,0.55225,32.4
385_0079,1,1.77644,41.6
385_0079,2,0.67624,33.7
385_0079,3,0.40992,33.4
385_0079,4,1.53013,35.9
385_0080,0,2.40279,35.8
385_0080,1,1.76423,31.7
385_0080,2,1.48147,32.0
385_0080,3,2.78627,33.0
385_0080,4,2.29072,33.0
385_0081,0,1.82067,32.9
385_0081,1,1.28007,35.5
385_0081,2,1.82123,40.0
385_0081,3,1.10119,36.3
385_0081,4,-1.7981,37.4
385_0082,0,1.86191,38.8
385_0082,1,1.30471,32.7
385_0082,2,0.99503,38.5
385_0082,3,2.90901,37.6
385_0082,4,3.0459,30.8
385_0083,0,0.8989,32.6
385_0083,1,1.62051,30.6
385_0083,2,1.38905,31.0
385_0083,3,1.27476,32.0
385_0083,4,1.12937,33.2
385_0084,0,1.62534,30.4
385_0084,1,1.9515,32.5
385_0084,2,0.79489,31.9
385_0084,3,1.49419,35.6
385_0084,4,2.03961,37.6
385_0085,0,1.37113,34.9
385_0085,1,0.28235,39.2
385_0085,2,1.34883,31.1
385_0085,3,1.05628,36.4
385_0085,4,2.39026,35.4
385_0086,0,5.56442,31.8
385_0086,1,2.3086,34.9
385_0086,2,2.57224,31.0
385_0086,3,0.54798,33.8
385_0086,4,0.98128,31.0
385_0087,0,0.41777,32.4
385_0087,1,-0.14323,35.7
385_0087,2,1.74844,33.9
385_0087,3,1.08164,32.1
385_0087,4,0.42821,33.7
385_0088,0,1.08584,33.8
385_0088,1,1.01391,37.0
385_0088,2,2.07361,35.8
385_0088,3,3.42093,34.2
385_0088,4,1.52921,35.8
385_0089,0,0.27291,33.4
385_0089,1,0.88063,32.8
385_0089,2,2.00337,33.3
385_0089,3,2.30091,38.0
385_0089,4,1.50109,38.0
385_0090,0,1.73797,36.9
385_0090,1,1.74303,40.4
385_0090,2,0.22742,36.9
385_0090,3,1.32183,32.4
385_0090,4,0.44491,34.8
385_0091,0,2.61207,34.0
385_0091,1,1.08518,36.8
385_0091,2,0.98524,36.9
385_0091,3,2.21636,35.6
385_0091,4,0.24645,31.4
385_0092,0,1.42401,33.0
385_0092,1,2.12483,32.1
385_0092,2,0.55349,36.4
385_0092,3,1.41261,37.6
385_0092,4,1.38903,39.0
385_0093,0,0.28218,31.3
385_0093,1,1.57626,38.1
385_0093,2,0.30034,35.2
385_0093,3,0.78769,39.2
385_0093,4,0.20427,39.2
385_0094,0,2.06523,40.8
385_0094,1,1.34545,32.1
385_0094,2,2.15033,39.3
385_0094,3,2.21219,37.6
385_0094,4,3.13706,38.0
385_0095,0,1.50629,33.1
385_0095,1,0.70739,32.4
385_0095,2,2.73072,34.1
385_0095,3,0.93936,46.5
385_0095,4,0.44889,34.1
385_0096,0,1.80259,34.3
385_0096,1,1.13758,40.7
385_0096,2,0.16292,38.4
385_0096,3,-0.32922,35.9
385_0096,4,3.80428,37.6
385_0097,0,1.92969,38.6
385_0097,1,0.44711,36.6
385_0097,2,1.14496,38.4
385_0097,3,1.67777,37.0
385_0097,4,1.79349,35.8
385_0098,0,0.5034,33.6
385_0098,1,0.12527,36.5
385_0098,2,-0.04504,39.5
385_0098,3,0.85951,31.2
385_0098,4,0.00579,35.8
385_0099,0,1.42777,36.2
385_0099,1,0.68173,43.6
385_0099,2,0.38772,34.4
385_0099,3,-0.23809,42.7
385_0099,4,0.04371,33.7
385_0100,0,1.92725,32.7
385_0100,1,1.56903,36.8
385_0100,2,0.97673,46.8
385_0100,3,1.27335,35.3
385_0100,4,2.17409,35.9
385_0101,0,1.42464,45.9
385_0101,1,2.06457,42.9
385_0101,2,0.7731,41.3
385_0101,3,-0.05825,37.8
385_0101,4,3.23088,37.7
385_0102,0,0.15927,37.3
385_0102,1,0.54665,37.8
385_0102,2,0.58484,36.0
385_0102,3,1.94577,38.3
385_0102,4,0.94643,35.6
385_0103,0,1.43647,36.1
385_0103,1,0.60616,39.0
385_0103,2,1.08271,34.3
385_0103,3,1.56414,38.0
385_0103,4,0.40936,41.0
385_0104,0,0.96207,41.0
385_0104,1,1.97583,40.2
385_0104,2,2.15897,40.3
385_0104,3,1.8408,33.9
385_0104,4,0.64728,39.0
385_0105,0,0.75165,43.3
385_0105,1,1.80862,34.3
385_0105,2,1.7991,34.3
385_0105,3,1.75308,33.6
385_0105,4,1.0868,36.5
385_0106,0,3.11483,36.2
385_0106,1,2.83179,39.5
385_0106,2,2.75083,35.5
385_0106,3,2.89026,44.2
385_0106,4,1.17854,37.0
385_0107,0,0.22388,40.7
385_0107,1,1.59485,35.7
385_0107,2,0.00892,42.3
385_0107,3,0.70365,41.0
385_0107,4,1.00013,36.8
385_0108,0,2.21195,51.5
385_0108,1,0.29209,41.4
385_0108,2,0.58381,39.5
385_0108,3,1.08312,49.0
385_0108,4,1.54149,42.1
385_0109,0,0.96792,37.6
385_0109,1,1.70019,36.4
385_0109,2,1.60159,37.0
385_0109,3,-0.02392,37.6
385_0109,4,1.55378,36.2
385_0110,0,1.40162,40.8
385_0110,1,1.89964,35.4
385_0110,2,-0.28618,35.4
385_0110,3,1.51633,40.9
385_0110,4,2.32489,38.8
385_0111,0,0.66086,36.7
385_0111,1,1.32762,36.5
385_0111,2,2.789,36.0
385_0111,3,1.68304,54.2
385_0111,4,1.54884,35.2
385_0112,0,0.11073,37.5
385_0112,1,1.01492,40.4
385_0112,2,0.68013,37.7
385_0112,3,0.83713,39.9
385_0112,4,-1.56351,35.4
385_0113,0,-0.13665,36.6
385_0113,1,-0.32341,38.1
385_0113,2,0.26946,37.4
385_0113,3,0.65074,37.7
385_0113,4,0.39952,37.6
385_0114,0,2.12792,36.0
385_0114,1,1.79814,36.2
385_0114,2,-0.94866,46.4
385_0114,3,0.69198,48.9
385_0114,4,2.03108,42.2
385_0115,0,-0.27808,33.7
385_0115,1,-0.5329,35.9
385_0115,2,1.43196,37.3
385_0115,3,1.45789,37.6
385_0115,4,0.36648,35.5
385_0116,0,-1.41302,40.4
385_0116,1,0.37043,43.8
385_0116,2,-1.39735,34.6
385_0116,3,1.46965,37.7
385_0116,4,-0.12891,34.8
385_0117,0,0.94052,46.7
385_0117,1,-0.25705,36.0
385_0117,2,0.97034,38.0
385_0117,3,1.33701,38.6
385_0117,4,0.77949,35.5
385_0118,0,-0.47827,41.4
385_0118,1,-0.72752,38.8
385_0118,2,-0.31456,34.3
385_0118,3,-0.12271,41.0
385_0118,4,-1.2943,43.2
385_0119,0,-0.91049,39.2
385_0119,1,0.7558,43.7
385_0119,2,1.27853,41.6
385_0119,3,0.81785,40.9
385_0119,4,0.30604,41.1
385_0120,0,0.7664,42.8
385_0120,1,0.81482,38.3
385_0120,2,1.99482,39.1
385_0120,3,-0.57141,41.4
385_0120,4,0.28009,39.4
385_0121,0,-0.22745,43.8
385_0121,1,-0.67085,34.3
385_0121,2,0.03042,38.6
385_0121,3,2.04243,38.1
385_0121,4,2.18383,33.2
385_0122,0,-1.02587,36.0
385_0122,1,0.8653,32.5
385_0122,2,1.37418,38.4
385_0122,3,-0.12749,37.5
385_0122,4,-0.81679,32.0
385_0123,0,2.51553,35.5
385_0123,1,1.83572,38.1
385_0123,2,2.25466,32.5
385_0123,3,0.77378,43.3
385_0123,4,0.82432,31.7
385_0124,0,1.08804,31.5
385_0124,1,0.58872,33.5
385_0124,2,0.99701,37.8
385_0124,3,-1.04136,35.6
385_0124,4,1.88536,35.0
385_0125,0,0.17566,31.6
385_0125,1,1.23817,37.8
385_0125,2,2.01837,39.1
385_0125,3,1.48421,32.1
385_0125,4,0.95541,33.3
385_0126,0,0.67372,36.2
385_0126,1,1.0198,30.9
385_0126,2,1.96218,31.5
385_0126,3,2.36192,35.5
385_0126,4,-2.25716,31.1
385_0127,0,0.49849,38.8
385_0127,1,0.33758,31.5
385_0127,2,0.19676,30.5
385_0127,3,-0.27482,38.7
385_0127,4,0.85248,41.5
385_0128,0,0.29628,33.8
385_0128,1,1.2538,36.0
385_0128,2,-0.93023,37.1
385_0128,3,2.69981,31.2
385_0128,4,-0.60194,30.5
385_0129,0,2.35832,31.0
385_0129,1,1.5899,35.2
385_0129,2,1.94377,30.6
385_0129,3,1.27494,32.2
385_0129,4,2.0292,32.2
385_0130,0,1.65069,31.1
385_0130,1,1.80574,33.7
385_0130,2,1.87441,38.3
385_0130,3,1.97592,39.9
385_0130,4,3.14238,31.0
385_0131,0,3.04895,31.3
385_0131,1,3.09386,40.0
385_0131,2,2.05795,35.6
385_0131,3,2.80279,30.8
385_0131,4,2.83936,43.0
385_0132,0,2.48239,32.6
385_0132,1,1.28153,36.0
385_0132,2,1.2576,41.1
385_0132,3,1.50273,29.9
385_0132,4,1.16203,38.6
385_0133,0,1.26314,39.4
385_0133,1,0.37841,35.9
385_0133,2,1.57541,33.6
385_0133,3,2.20373,31.1
385_0133,4,0.97258,31.0
385_0134,0,2.67491,44.0
385_0134,1,2.88985,40.3
385_0134,2,3.05461,38.8
385_0134,3,2.37589,31.0
385_0134,4,1.56666,31.6
385_0135,0,1.94489,32.7
385_0135,1,2.06602,35.8
385_0135,2,2.14931,35.6
385_0135,3,-1.4091,32.7
385_0135,4,1.06206,31.1
385_0136,0,3.1674,33.4
385_0136,1,1.37333,38.5
385_0136,2,3.22198,33.5
385_0136,3,2.23194,44.1
385_0136,4,1.77721,33.1
385_0137,0,1.44825,38.8
385_0137,1,1.14662,31.7
385_0137,2,1.16345,31.8
385_0137,3,3.30854,31.5
385_0137,4,2.08955,33.9
385_0138,0,1.54626,30.2
385_0138,1,-0.17108,34.9
385_0138,2,0.28124,30.6
385_0138,3,-0.93428,31.3
385_0138,4,0.83145,30.4
385_0139,0,1.15185,32.8
385_0139,1,2.75153,31.2
385_0139,2,1.28495,31.6
385_0139,3,0.26959,32.1
385_0139,4,1.75525,39.9
385_0140,0,1.32144,32.0
385_0140,1,1.05173,31.5
385_0140,2,1.88922,32.7
385_0140,3,2.55212,32.8
385_0140,4,3.02029,35.4
385_0141,0,2.3036,31.3
385_0141,1,1.31032,40.0
385_0141,2,2.27144,30.8
385_0141,3,1.57792,34.5
385_0141,4,1.763,32.9
385_0142,0,1.46173,31.3
385_0142,1,2.10418,31.4
385_0142,2,2.12273,36.5
385_0142,3,1.93306,36.9
385_0142,4,1.5768,32.0
385_0143,0,2.31759,37.8
385_0143,1,1.44544,32.4
385_0143,2,1.08039,35.0
385_0143,3,1.39356,31.5
385_0143,4,1.38293,39.7
385_0144,0,4.0655,38.5
385_0144,1,1.05415,37.9
385_0144,2,2.62321,33.9
385_0144,3,2.26458,33.2
385_0144,4,2.67487,32.3
385_0145,0,2.89351,33.2
385_0145,1,1.65535,31.6
385_0145,2,2.10826,36.1
385_0145,3,0.99425,31.9
385_0145,4,1.45217,30.8
385_0146,0,2.41654,31.1
385_0146,1,3.84491,40.6
385_0146,2,0.55199,31.3
385_0146,3,3.10597,33.8
385_0146,4,1.78415,38.6
385_0147,0,1.14976,33.1
385_0147,1,1.88309,32.1
385_0147,2,1.43918,31.7
385_0147,3,-1.33037,32.1
385_0147,4,1.05734,36.8
385_0148,0,4.18314,31.0
385_0148,1,0.99762,37.8
385_0148,2,0.17036,31.7
385_0148,3,3.23952,36.8
385_0148,4,0.57568,32.8
385_0149,0,-0.7108,35.5
385_0149,1,1.12716,31.0
385_0149,2,1.4844,31.2
385_0149,3,0.8119,41.1
385_0149,4,-0.72926,39.2
385_0150,0,2.12691,32.8
385_0150,1,1.1956,31.5
385_0150,2,0.66045,33.0
385_0150,3,0.31066,38.8
385_0150,4,1.38103,31.8
385_0151,0,0.09439,35.7
385_0151,1,1.14973,33.0
385_0151,2,0.21429,33.2
385_0151,3,0.99301,32.0
385_0151,4,0.15975,30.6
385_0152,0,0.26746,31.1
385_0152,1,-0.26316,32.7
385_0152,2,1.68515,34.3
385_0152,3,1.83147,33.7
385_0152,4,1.70817,36.6
385_0153,0,0.13704,36.5
385_0153,1,-0.42204,32.8
385_0153,2,2.2721,33.9
385_0153,3,-0.49283,36.4
385_0153,4,-0.64936,31.2
385_0154,0,2.09012,31.2
385_0154,1,-0.57665,36.9
385_0154,2,0.79748,30.9
385_0154,3,1.27324,32.2
385_0154,4,2.21357,31.6
385_0155,0,2.50834,31.0
385_0155,1,0.64024,35.9
385_0155,2,0.255,34.6
385_0155,3,1.46754,41.2
385_0155,4,1.52403,37.0
385_0156,0,-0.93779,32.5
385_0156,1,2.48595,31.4
385_0156,2,1.84011,38.5
385_0156,3,1.59098,34.5
385_0156,4,2.41792,31.7
385_0157,0,0.59491,36.3
385_0157,1,2.28497,38.4
385_0157,2,1.57744,33.7
385_0157,3,0.59494,34.3
385_0157,4,0.63128,30.8
385_0158,0,-0.26217,33.8
385_0158,1,-1.58035,34.4
385_0158,2,0.18791,36.0
385_0158,3,-0.09305,31.3
385_0158,4,-0.25757,33.3
385_0159,0,-0.96611,39.7
385_0159,1,1.59969,32.0
385_0159,2,0.91227,36.6
385_0159,3,1.24805,31.7
385_0159,4,0.84539,30.4
385_0160,0,-1.63991,37.8
385_0160,1,0.45573,32.3
385_0160,2,2.36467,40.1
385_0160,3,1.1393,37.0
385_0160,4,-2.24225,35.6
385_0161,0,-1.19354,38.7
385_0161,1,1.02287,32.4
385_0161,2,0.59037,32.5
385_0161,3,0.49722,31.2
385_0161,4,-0.82395,30.6
385_0162,0,-0.17758,37.3
385_0162,1,1.11581,32.4
385_0162,2,0.28128,31.5
385_0162,3,2.10868,36.3
385_0162,4,1.23985,32.6
385_0163,0,1.17261,31.6
385_0163,1,1.05943,36.3
385_0163,2,0.59043,34.4
385_0163,3,1.82398,38.2
385_0163,4,0.98609,31.6
385_0164,0,2.49689,35.1
385_0164,1,2.64812,37.0
385_0164,2,2.25681,35.1
385_0164,3,2.07741,32.5
385_0164,4,-0.27808,31.5
385_0165,0,0.42735,31.5
385_0165,1,-0.19058,33.8
385_0165,2,-2.06364,37.6
385_0165,3,0.98461,31.8
385_0165,4,1.2608,32.6
385_0166,0,-0.03692,35.9
385_0166,1,-0.47226,32.7
385_0166,2,-0.7931,32.3
385_0166,3,0.50804,31.9
385_0166,4,-0.44332,34.8
385_0167,0,2.01139,32.6
385_0167,1,0.30949,31.1
385_0167,2,0.41291,30.5
385_0167,3,1.87253,33.2
385_0167,4,1.72659,35.4
385_0168,0,1.06988,30.8
385_0168,1,1.73696,39.7
385_0168,2,0.14538,32.4
385_0168,3,0.79335,40.0
385_0168,4,1.80163,38.0
385_0169,0,1.75328,31.1
385_0169,1,-0.39982,32.5
385_0169,2,1.77647,36.2
385_0169,3,0.59269,32.0
385_0169,4,1.56219,31.4
385_0170,0,1.37951,32.0
385_0170,1,1.5563,32.0
385_0170,2,1.96111,40.9
385_0170,3,3.6095,35.4
385_0170,4,1.28451,38.4
385_0171,0,-1.32426,35.2
385_0171,1,0.37727,42.8
385_0171,2,-1.01235,41.5
385_0171,3,-0.07617,35.0
385_0171,4,-0.45336,39.3
385_0172,0,0.96674,39.9
385_0172,1,1.73748,32.8
385_0172,2,2.1483,37.8
385_0172,3,0.98149,33.0
385_0172,4,2.90461,31.6
385_0173,0,0.69668,32.6
385_0173,1,-0.7209,35.3
385_0173,2,2.01151,32.7
385_0173,3,0.37732,35.5
385_0173,4,0.46672,30.3
385_0174,0,-1.08526,33.2
385_0174,1,0.86511,34.0
385_0174,2,1.69861,42.0
385_0174,3,1.4021,36.7
385_0174,4,1.16841,37.3
385_0175,0,0.81613,32.3
385_0175,1,0.31179,35.3
385_0175,2,1.88173,31.5
385_0175,3,1.96463,35.3
385_0175,4,0.20595,34.7
385_0176,0,-0.40017,38.0
385_0176,1,-0.26202,31.6
385_0176,2,-0.64544,40.0
385_0176,3,-0.30596,32.1
385_0176,4,0.08805,37.1
385_0177,0,-0.98217,38.5
385_0177,1,-0.50373,35.2
385_0177,2,1.15656,35.4
385_0177,3,0.27356,33.9
385_0177,4,-0.4584,32.0
385_0178,0,2.03442,35.1
385_0178,1,1.73169,43.5
385_0178,2,0.45647,36.0
385_0178,3,0.7692,33.8
385_0178,4,1.54917,41.7
385_0179,0,2.52674,33.8
385_0179,1,0.6354,32.7
385_0179,2,-0.14253,31.5
385_0179,3,0.84865,38.6
385_0179,4,0.16466,36.2
385_0180,0,0.44241,31.7
385_0180,1,0.0147,31.4
385_0180,2,0.47108,31.6
385_0180,3,0.08625,35.5
385_0180,4,0.69147,37.9
385_0181,0,0.65346,37.7
385_0181,1,0.6627,31.2
385_0181,2,1.06433,39.6
385_0181,3,0.51972,32.0
385_0181,4,1.3928,30.8
385_0182,0,1.90534,34.2
385_0182,1,1.34791,31.2
385_0182,2,-0.61195,32.4
385_0182,3,-0.81429,34.0
385_0182,4,1.27324,31.9
385_0183,0,1.30001,34.6
385_0183,1,1.18564,35.8
385_0183,2,0.23696,32.0
385_0183,3,1.18682,34.6
385_0183,4,0.83468,38.0
385_0184,0,2.07919,34.8
385_0184,1,0.76358,31.7
385_0184,2,1.81611,39.0
385_0184,3,0.06732,37.5
385_0184,4,-0.99772,32.1
385_0185,0,0.7236,33.9
385_0185,1,-0.59407,33.2
385_0185,2,0.17379,32.3
385_0185,3,0.50031,30.8
385_0185,4,-0.54537,37.5
385_0186,0,-0.45749,37.1
385_0186,1,-0.78692,31.7
385_0186,2,-0.15775,31.2
385_0186,3,-0.76452,32.0
385_0186,4,-0.62896,36.4
385_0187,0,1.31702,32.8
385_0187,1,1.23883,36.7
385_0187,2,1.43528,34.2
385_0187,3,0.19725,37.0
385_0187,4,0.74189,39.2
385_0188,0,0.04706,34.8
385_0188,1,1.48236,35.1
385_0188,2,0.2603,35.1
385_0188,3,2.38103,36.1
385_0188,4,1.28054,32.7
385_0189,0,2.47986,33.9
385_0189,1,1.93219,33.0
385_0189,2,2.64216,36.0
385_0189,3,2.43871,36.8
385_0189,4,0.85263,36.0
385_0190,0,1.10319,31.4
385_0190,1,1.31495,35.1
385_0190,2,1.937,30.9
385_0190,3,0.03353,31.7
385_0190,4,1.83308,39.7
385_0191,0,0.65243,36.3
385_0191,1,1.36672,31.3
385_0191,2,-0.01407,31.5
385_0191,3,-0.28483,37.9
385_0191,4,0.62595,35.8
385_0192,0,0.62757,33.2
385_0192,1,2.94588,33.6
385_0192,2,2.85756,31.5
385_0192,3,0.41795,36.0
385_0192,4,1.3131,32.3
385_0193,0,0.48299,33.2
385_0193,1,1.81982,34.3
385_0193,2,1.34731,31.7
385_0193,3,0.5918,30.7
385_0193,4,0.40145,32.5
385_0194,0,1.77451,33.1
385_0194,1,0.04023,34.9
385_0194,2,0.06384,32.4
385_0194,3,2.4085,31.3
385_0194,4,0.74921,35.0
385_0195,0,0.43367,31.2
385_0195,1,-0.24402,31.0
385_0195,2,0.63972,31.6
385_0195,3,2.16944,30.9
385_0195,4,0.25656,41.6
385_0196,0,-0.91128,35.0
385_0196,1,0.08002,30.9
385_0196,2,0.21183,31.4
385_0196,3,0.16923,33.4
385_0196,4,0.21597,31.1
385_0197,0,0.18709,37.2
385_0197,1,1.16128,34.1
385_0197,2,1.96027,37.5
385_0197,3,1.03229,31.5
385_0197,4,-0.05639,32.2
385_0198,0,1.4368,31.3
385_0198,1,1.0434,31.4
385_0198,2,0.88869,32.8
385_0198,3,1.43516,34.2
385_0198,4,1.36581,35.5
385_0199,0,-0.31716,45.8
385_0199,1,2.07223,34.8
385_0199,2,0.56605,30.0
385_0199,3,1.87042,33.7
385_0199,4,1.35414,40.1
385_0200,0,-0.09087,38.1
385_0200,1,0.8239,38.5
385_0200,2,-0.03818,33.0
385_0200,3,1.03822,36.4
385_0200,4,1.26837,33.6
385_0201,0,1.26042,32.1
385_0201,1,1.94164,36.1
385_0201,2,1.27188,39.3
385_0201,3,1.08816,32.4
385_0201,4,0.4655,31.8
385_0202,0,2.69212,34.3
385_0202,1,1.82129,34.8
385_0202,2,1.65412,32.7
385_0202,3,2.03805,36.0
385_0202,4,0.44665,31.7
385_0203,0,1.85604,34.2
385_0203,1,1.06743,37.5
385_0203,2,2.17218,34.9
385_0203,3,1.01803,36.3
385_0203,4,0.45777,31.1
385_0204,0,3.41931,33.0
385_0204,1,0.59826,39.5
385_0204,2,3.17957,34.3
385_0204,3,0.76446,40.8
385_0204,4,0.78968,31.9
385_0205,0,0.20936,31.0
385_0205,1,-0.0415,31.1
385_0205,2,1.1149,32.1
385_0205,3,0.27871,31.1
385_0205,4,-0.6868,31.0
385_0206,0,-0.32113,37.3
385_0206,1,0.854,37.1
385_0206,2,1.46838,31.3
385_0206,3,0.67832,39.2
385_0206,4,0.61749,31.4
385_0207,0,0.70531,37.4
385_0207,1,0.67084,32.8
385_0207,2,0.84114,33.6
385_0207,3,1.39647,37.4
385_0207,4,0.74711,38.2
385_0208,0,2.14956,31.2
385_0208,1,0.68427,35.1
385_0208,2,-0.90721,31.4
385_0208,3,1.37191,34.2
385_0208,4,1.27721,35.1
385_0209,0,1.24718,33.2
385_0209,1,2.54261,40.0
385_0209,2,-0.1697,37.0
385_0209,3,1.55198,40.1
385_0209,4,0.32633,38.0
385_0210,0,-0.04753,33.8
385_0210,1,-0.13447,33.9
385_0210,2,-0.09737,42.8
385_0210,3,1.70801,33.7
385_0210,4,-1.0896,32.9
385_0211,0,1.45494,31.4
385_0211,1,0.58588,38.2
385_0211,2,-0.21781,33.1
385_0211,3,-0.45296,31.2
385_0211,4,-0.53716,38.7
385_0212,0,2.11734,31.6
385_0212,1,2.43754,31.6
385_0212,2,0.7874,35.2
385_0212,3,-0.17784,44.6
385_0212,4,1.3843,33.5
385_0213,0,0.16641,34.0
385_0213,1,0.05855,41.6
385_0213,2,-0.57344,31.7
385_0213,3,0.12918,32.6
385_0213,4,0.5946,33.3
385_0214,0,-0.65604,34.1
385_0214,1,-0.00429,32.8
385_0214,2,2.74483,30.9
385_0214,3,3.466,33.2
385_0214,4,4.10223,32.4
385_0215,0,2.1855,34.6
385_0215,1,1.56058,33.4
385_0215,2,0.27794,35.5
385_0215,3,-0.2106,32.6
385_0215,4,0.57424,31.2
385_0216,0,-0.05582,37.9
385_0216,1,-0.07225,36.5
385_0216,2,0.30186,30.7
385_0216,3,0.14243,30.5
385_0216,4,0.31665,30.2
385_0217,0,-0.92804,34.3
385_0217,1,1.11318,34.1
385_0217,2,1.07625,32.0
385_0217,3,0.23147,31.6
385_0217,4,1.08528,34.2
385_0218,0,0.34273,36.1
385_0218,1,0.63588,30.8
385_0218,2,1.17917,34.1
385_0218,3,1.94052,35.8
385_0218,4,1.77536,37.0
385_0219,0,1.20374,32.0
385_0219,1,2.46074,32.0
385_0219,2,2.90264,29.5
385_0219,3,0.19104,38.6
385_0219,4,2.10431,33.2
385_0220,0,-0.85526,30.6
385_0220,1,0.05395,43.5
385_0220,2,0.3711,31.3
385_0220,3,0.90937,32.8
385_0220,4,0.94161,33.1
385_0221,0,0.9204,33.9
385_0221,1,0.56625,34.9
385_0221,2,0.93452,38.4
385_0221,3,0.44115,40.1
385_0221,4,0.5104,32.0
385_0222,0,2.25766,33.9
385_0222,1,1.94753,36.5
385_0222,2,1.74868,31.8
385_0222,3,0.71001,33.3
385_0222,4,2.37129,34.6
385_0223,0,1.18669,33.6
385_0223,1,1.71088,38.5
385_0223,2,0.88459,34.7
385_0223,3,-0.62237,36.3
385_0223,4,0.29106,37.6
385_0224,0,1.84188,35.9
385_0224,1,0.06001,31.1
385_0224,2,1.85748,31.1
385_0224,3,2.77235,34.7
385_0224,4,-0.20921,31.4
385_0225,0,1.25653,36.5
385_0225,1,1.37895,30.7
385_0225,2,-0.14191,31.0
385_0225,3,1.28261,30.9
385_0225,4,0.89712,33.2
385_0226,0,0.80742,38.4
385_0226,1,-0.8317,31.6
385_0226,2,-0.51844,32.7
385_0226,3,-0.00872,35.9
385_0226,4,-0.10442,33.8
385_0227,0,1.22929,31.1
385_0227,1,0.32204,36.8
385_0227,2,2.16832,35.4
385_0227,3,0.85991,41.9
385_0227,4,1.45386,33.6
385_0228,0,1.31608,30.8
385_0228,1,1.54484,37.4
385_0228,2,2.21711,39.0
385_0228,3,1.35015,37.5
385_0228,4,1.11732,32.3
385_0229,0,1.27235,33.0
385_0229,1,0.45133,32.3
385_0229,2,1.99275,35.7
385_0229,3,0.73672,31.5
385_0229,4,1.47795,32.4
385_0230,0,-0.34332,39.1
385_0230,1,0.84194,34.3
385_0230,2,2.10689,30.6
385_0230,3,-0.03709,33.4
385_0230,4,0.89254,32.7
385_0231,0,-0.27243,31.0
385_0231,1,0.37484,31.7
385_0231,2,-0.27493,35.2
385_0231,3,-1.00092,30.8
385_0231,4,0.79974,30.9
385_0232,0,2.21271,32.5
385_0232,1,1.09622,36.2
385_0232,2,1.7841,43.2
385_0232,3,2.05657,35.5
385_0232,4,2.43197,30.8
385_0233,0,1.09076,36.0
385_0233,1,0.83573,38.8
385_0233,2,0.87638,34.4
385_0233,3,-0.21933,31.2
385_0233,4,0.22259,36.6
385_0234,0,0.003,38.5
385_0234,1,1.32645,34.8
385_0234,2,0.90193,32.7
385_0234,3,-0.35189,30.5
385_0234,4,0.46345,41.1
385_0235,0,1.11691,31.2
385_0235,1,2.33475,38.8
385_0235,2,1.56612,30.9
385_0235,3,0.93394,30.6
385_0235,4,0.78219,31.1
385_0236,0,-0.90408,40.4
385_0236,1,-0.21216,32.9
385_0236,2,-0.07233,30.9
385_0236,3,-0.98334,34.8
385_0236,4,-0.54376,31.5
385_0237,0,1.149,34.0
385_0237,1,0.16581,30.5
385_0237,2,0.71909,38.3
385_0237,3,1.05197,31.6
385_0237,4,0.74032,31.9
385_0238,0,0.77085,35.0
385_0238,1,1.60509,34.8
385_0238,2,-0.45952,31.9
385_0238,3,0.85281,31.0
385_0238,4,1.1617,32.4
385_0239,0,0.51176,36.1
385_0239,1,-1.57651,39.4
385_0239,2,-0.48673,38.7
385_0239,3,-1.12049,42.5
385_0239,4,2.14669,34.2
385_0240,0,1.68652,31.7
385_0240,1,1.65508,35.3
385_0240,2,0.85168,35.1
385_0240,3,-0.18563,31.9
385_0240,4,1.02937,33.0
385_0241,0,1.77892,39.3
385_0241,1,0.39214,38.2
385_0241,2,0.71325,31.1
385_0241,3,0.36735,36.7
385_0241,4,1.20126,32.8
385_0242,0,2.03698,32.1
385_0242,1,1.45602,31.0
385_0242,2,1.51799,32.8
385_0242,3,2.43941,32.9
385_0242,4,1.6044,32.0
385_0243,0,0.94454,37.4
385_0243,1,1.29123,35.2
385_0243,2,1.42957,31.1
385_0243,3,0.4962,35.5
385_0243,4,0.59848,34.5
385_0244,0,2.21712,33.1
385_0244,1,3.88251,31.5
385_0244,2,-0.21505,31.6
385_0244,3,2.53789,34.2
385_0244,4,1.16348,33.4
385_0245,0,0.16242,31.8
385_0245,1,1.31028,31.0
385_0245,2,0.22755,37.0
385_0245,3,0.5645,33.2
385_0245,4,0.61863,30.7
385_0246,0,0.61718,31.0
385_0246,1,0.22797,31.1
385_0246,2,0.70998,31.8
385_0246,3,1.5548,37.8
385_0246,4,0.32935,38.2
385_0247,0,1.69642,34.4
385_0247,1,0.27501,30.9
385_0247,2,1.96674,31.8
385_0247,3,1.34334,34.3
385_0247,4,0.97761,31.4
385_0248,0,0.92427,41.5
385_0248,1,2.48477,38.2
385_0248,2,2.14696,36.9
385_0248,3,0.82965,34.2
385_0248,4,1.96842,35.6
385_0249,0,3.96678,33.0
385_0249,1,1.43118,30.5
385_0249,2,2.17124,33.7
385_0249,3,2.33799,43.5
385_0249,4,1.92135,35.4
385_0250,0,1.76011,34.3
385_0250,1,1.1618,33.7
385_0250,2,1.27924,31.1
385_0250,3,1.75078,37.1
385_0250,4,1.54951,33.0
385_0251,0,1.03752,36.6
385_0251,1,2.65438,37.3
385_0251,2,0.3617,34.2
385_0251,3,0.75918,31.7
385_0251,4,2.7568,35.2
385_0252,0,2.40338,31.0
385_0252,1,0.63701,33.5
385_0252,2,0.72124,31.4
385_0252,3,2.48417,36.1
385_0252,4,3.12778,33.4
385_0253,0,1.41413,34.1
385_0253,1,0.48633,34.3
385_0253,2,1.20203,34.1
385_0253,3,2.20961,36.8
385_0253,4,1.60495,31.1
385_0254,0,3.05274,37.0
385_0254,1,-0.11026,30.9
385_0254,2,0.95861,33.1
385_0254,3,1.47516,41.7
385_0254,4,3.43452,31.4
385_0255,0,1.86331,31.0
385_0255,1,1.32987,31.8
385_0255,2,1.4697,30.5
385_0255,3,1.85163,35.2
385_0255,4,1.27926,32.6
385_0256,0,0.2111,32.3
385_0256,1,-0.13491,33.5
385_0256,2,0.40406,34.5
385_0256,3,1.03706,34.9
385_0256,4,-0.02293,34.4
385_0257,0,0.83482,35.5
385_0257,1,1.70842,31.9
385_0257,2,1.11883,33.6
385_0257,3,0.48194,31.6
385_0257,4,1.84949,31.2
385_0258,0,1.44749,37.8
385_0258,1,0.45346,36.1
385_0258,2,2.03931,37.2
385_0258,3,1.69373,33.2
385_0258,4,1.59399,30.8
385_0259,0,1.178,37.6
385_0259,1,2.74738,43.3
385_0259,2,0.98053,30.8
385_0259,3,0.67443,31.2
385_0259,4,1.29993,32.8
385_0260,0,2.57522,31.4
385_0260,1,1.06225,36.3
385_0260,2,-0.10437,32.4
385_0260,3,1.12809,36.1
385_0260,4,1.72804,35.8
385_0261,0,2.15926,36.3
385_0261,1,1.3856,32.3
385_0261,2,1.00821,32.7
385_0261,3,1.75639,36.6
385_0261,4,2.17173,35.7
385_0262,0,0.83864,32.5
385_0262,1,2.23647,31.2
385_0262,2,2.64432,32.9
385_0262,3,0.99084,32.1
385_0262,4,2.59455,37.1
385_0263,0,2.09177,31.2
385_0263,1,0.20204,30.9
385_0263,2,1.28524,37.5
385_0263,3,2.27037,32.6
385_0263,4,2.38283,35.7
385_0264,0,0.49167,34.8
385_0264,1,1.14549,35.9
385_0264,2,2.80639,37.8
385_0264,3,1.5676,35.7
385_0264,4,2.56954,31.0
385_0265,0,0.32099,30.8
385_0265,1,0.84965,34.7
385_0265,2,0.63985,38.5
385_0265,3,1.14313,34.2
385_0265,4,0.39581,31.7
385_0266,0,-1.72884,42.6
385_0266,1,0.98965,43.3
385_0266,2,0.66544,31.8
385_0266,3,0.57083,32.0
385_0266,4,0.56002,38.1
385_0267,0,1.34781,35.4
385_0267,1,0.84544,34.8
385_0267,2,0.21627,33.7
385_0267,3,1.70697,36.6
385_0267,4,2.03374,31.3
385_0268,0,2.18222,39.7
385_0268,1,1.41451,31.1
385_0268,2,0.21817,32.1
385_0268,3,1.38177,36.9
385_0268,4,1.93574,40.7
385_0269,0,1.17599,34.5
385_0269,1,-1.18326,34.6
385_0269,2,0.29928,32.0
385_0269,3,1.77654,35.5
385_0269,4,3.73961,40.0
385_0270,0,2.16087,30.8
385_0270,1,-0.14163,31.3
385_0270,2,1.44792,33.7
385_0270,3,0.69384,37.7
385_0270,4,1.42248,36.2
385_0271,0,3.27016,33.6
385_0271,1,1.83892,36.2
385_0271,2,0.81824,32.3
385_0271,3,0.13557,32.5
385_0271,4,-0.31934,36.0
385_0272,0,3.88401,31.2
385_0272,1,2.48801,32.6
385_0272,2,4.73083,30.0
385_0272,3,0.42412,34.7
385_0272,4,-0.00099,40.0
385_0273,0,0.87508,31.0
385_0273,1,1.01278,33.6
385_0273,2,-0.65535,30.9
385_0273,3,1.07706,31.5
385_0273,4,-0.53683,37.2
385_0274,0,-0.46165,32.2
385_0274,1,2.74773,39.2
385_0274,2,1.45795,32.7
385_0274,3,2.14728,32.7
385_0274,4,2.57764,37.1
385_0275,0,1.92037,31.1
385_0275,1,0.71687,32.7
385_0275,2,0.41443,31.1
385_0275,3,0.527,30.3
385_0275,4,0.6192,38.6
385_0276,0,0.36644,33.1
385_0276,1,-0.09637,31.2
385_0276,2,-0.46108,40.0
385_0276,3,1.95839,32.0
385_0276,4,0.24242,31.1
385_0277,0,2.30752,37.0
385_0277,1,3.01883,36.8
385_0277,2,0.92587,35.8
385_0277,3,0.71511,36.2
385_0277,4,1.13814,46.6
385_0278,0,0.76898,32.0
385_0278,1,0.29856,32.9
385_0278,2,1.71067,35.4
385_0278,3,0.69606,34.2
385_0278,4,2.15929,41.0
385_0279,0,1.88537,35.7
385_0279,1,1.70973,33.2
385_0279,2,2.6664,38.5
385_0279,3,3.08265,42.4
385_0279,4,1.39645,30.5
385_0280,0,0.9358,36.5
385_0280,1,1.24064,39.0
385_0280,2,0.36571,34.2
385_0280,3,0.75181,39.3
385_0280,4,-0.02168,36.8
385_0281,0,1.6192,37.4
385_0281,1,1.32743,36.0
385_0281,2,1.90216,41.6
385_0281,3,0.88587,33.7
385_0281,4,1.27692,33.4
385_0282,0,0.54838,37.3
385_0282,1,1.84204,36.4
385_0282,2,1.09294,34.0
385_0282,3,1.01808,30.9
385_0282,4,0.05074,42.2
385_0283,0,2.67739,31.0
385_0283,1,1.3221,39.7
385_0283,2,1.52091,49.8
385_0283,3,0.52498,35.7
385_0283,4,0.6694,32.6
385_0284,0,-0.62701,32.9
385_0284,1,0.74918,36.8
385_0284,2,1.61014,43.4
385_0284,3,1.27342,34.3
385_0284,4,-1.00665,31.9
385_0285,0,3.07731,34.1
385_0285,1,4.39799,39.2
385_0285,2,0.23604,31.0
385_0285,3,2.10877,32.0
385_0285,4,1.5914,32.4
385_0286,0,2.57973,33.1
385_0286,1,0.86289,35.3
385_0286,2,1.95115,31.2
385_0286,3,2.79612,45.5
385_0286,4,1.54777,33.0
385_0287,0,1.55059,31.1
385_0287,1,1.78547,32.6
385_0287,2,0.28354,31.6
385_0287,3,0.96623,40.1
385_0287,4,-0.10555,38.4
385_0288,0,0.8124,37.3
385_0288,1,1.19264,39.2
385_0288,2,-0.04987,32.1
385_0288,3,1.57629,31.8
385_0288,4,2.42069,37.5
385_0289,0,0.70756,31.7
385_0289,1,0.16634,41.0
385_0289,2,1.3413,39.7
385_0289,3,1.24058,30.8
385_0289,4,1.03578,31.0
385_0290,0,0.94529,38.2
385_0290,1,0.01138,39.4
385_0290,2,0.24275,42.6
385_0290,3,1.10483,36.8
385_0290,4,0.6488,41.3
385_0291,0,3.36969,31.8
385_0291,1,0.48103,35.9
385_0291,2,-2.59441,33.2
385_0291,3,1.8345,35.8
385_0291,4,2.09085,44.9
385_0292,0,0.95667,31.1
385_0292,1,0.64293,32.2
385_0292,2,0.05312,31.2
385_0292,3,1.35813,42.8
385_0292,4,1.73687,31.7
385_0293,0,0.05144,34.5
385_0293,1,1.23609,36.9
385_0293,2,1.03077,32.2
385_0293,3,2.32693,31.6
385_0293,4,2.2314,38.7
385_0294,0,0.86847,32.4
385_0294,1,1.3611,31.2
385_0294,2,1.23361,32.6
385_0294,3,0.78132,35.3
385_0294,4,1.05597,30.8
385_0295,0,0.29876,39.7
385_0295,1,-0.1206,37.3
385_0295,2,0.4864,43.6
385_0295,3,-0.80453,39.4
385_0295,4,-0.05783,30.9
385_0296,0,2.23024,31.9
385_0296,1,0.15754,35.1
385_0296,2,-0.71131,39.9
385_0296,3,1.26564,36.4
385_0296,4,0.95949,32.1
385_0297,0,1.02501,34.8
385_0297,1,1.94591,31.2
385_0297,2,1.69828,37.2
385_0297,3,0.5528,32.0
385_0297,4,1.08613,31.7
385_0298,0,3.62063,28.8
385_0298,1,3.18524,30.1
385_0298,2,1.8244,30.9
385_0298,3,0.83529,41.7
385_0298,4,1.06471,39.1
385_0299,0,0.9255,31.1
385_0299,1,1.12583,34.4
385_0299,2,0.87005,34.2
385_0299,3,1.36062,37.3
385_0299,4,1.40227,38.8
385_0300,0,1.68475,32.1
385_0300,1,1.0703,33.2
385_0300,2,1.32024,36.4
385_0300,3,2.18262,40.7
385_0300,4,0.53352,31.5
385_0301,0,2.09376,32.3
385_0301,1,2.0481,38.3
385_0301,2,1.34047,36.4
385_0301,3,2.06391,34.9
385_0301,4,1.5314,32.4
385_0302,0,1.08014,31.8
385_0302,1,1.22756,40.9
385_0302,2,1.60662,32.1
385_0302,3,0.12011,40.0
385_0302,4,1.39563,32.2
385_0303,0,1.32375,30.9
385_0303,1,2.99808,36.1
385_0303,2,2.8997,35.3
385_0303,3,0.61749,33.2
385_0303,4,2.85221,34.3
385_0304,0,2.92096,31.9
385_0304,1,-0.42352,33.2
385_0304,2,-1.14858,38.4
385_0304,3,-0.29626,33.4
385_0304,4,0.33029,32.7
385_0305,0,0.83985,31.7
385_0305,1,-0.32051,46.2
385_0305,2,0.04704,32.0
385_0305,3,1.99125,32.0
385_0305,4,-0.42647,31.2
385_0306,0,1.32209,31.2
385_0306,1,1.4589,33.8
385_0306,2,1.08697,32.1
385_0306,3,1.60824,31.6
385_0306,4,1.00872,32.1
385_0307,0,0.98688,35.4
385_0307,1,1.67658,31.0
385_0307,2,1.674,34.9
385_0307,3,0.88905,38.2
385_0307,4,1.22562,32.3
385_0308,0,-0.01482,32.3
385_0308,1,2.08948,34.2
385_0308,2,0.68933,30.7
385_0308,3,0.82001,31.0
385_0308,4,1.93518,33.7
385_0309,0,1.73533,32.6
385_0309,1,1.85595,36.2
385_0309,2,1.25818,36.6
385_0309,3,1.7573,45.1
385_0309,4,0.37716,30.8
385_0310,0,0.5522,31.8
385_0310,1,0.78387,31.1
385_0310,2,0.56819,33.6
385_0310,3,0.55459,31.5
385_0310,4,0.35605,31.7
385_0311,0,1.2592,35.3
385_0311,1,-0.50219,32.9
385_0311,2,1.96182,32.3
385_0311,3,3.07169,31.1
385_0311,4,1.27461,30.3
385_0312,0,0.21976,35.9
385_0312,1,1.07925,34.9
385_0312,2,1.17723,33.8
385_0312,3,1.22198,33.5
385_0312,4,1.21119,32.7
385_0313,0,1.4247,38.9
385_0313,1,0.65061,40.3
385_0313,2,0.1026,32.1
385_0313,3,-0.1909,37.7
385_0313,4,2.79641,37.6
385_0314,0,1.33349,33.0
385_0314,1,0.95663,31.0
385_0314,2,1.01776,30.4
385_0314,3,0.79745,31.0
385_0314,4,0.27259,31.1
385_0315,0,0.34865,32.4
385_0315,1,0.49275,31.8
385_0315,2,0.4263,33.1
385_0315,3,0.50463,33.4
385_0315,4,-0.02677,31.0
385_0316,0,0.41597,30.4
385_0316,1,0.7858,30.8
385_0316,2,0.46448,30.8
385_0316,3,-1.12292,30.5
385_0316,4,0.82906,30.5
385_0317,0,0.21452,35.4
385_0317,1,0.16701,34.9
385_0317,2,1.37195,37.4
385_0317,3,0.40943,31.1
385_0317,4,0.22737,35.1
385_0318,0,-0.61232,32.5
385_0318,1,-0.11759,31.3
385_0318,2,-0.24668,33.7
385_0318,3,0.41778,33.7
385_0318,4,-0.01086,38.5
385_0319,0,-0.40882,31.5
385_0319,1,0.31249,33.7
385_0319,2,-0.343,37.2
385_0319,3,1.36782,35.5
385_0319,4,3.07928,35.2
385_0320,0,0.38674,34.4
385_0320,1,0.5809,30.3
385_0320,2,1.01115,34.8
385_0320,3,1.60818,35.7
385_0320,4,0.48834,32.7
385_0321,0,2.48174,34.1
385_0321,1,-0.08936,32.5
385_0321,2,2.05705,33.7
385_0321,3,0.3279,38.4
385_0321,4,1.94108,35.6
385_0322,0,2.75761,33.1
385_0322,1,2.21431,44.5
385_0322,2,2.74723,32.2
385_0322,3,0.22228,36.3
385_0322,4,0.12191,32.0
385_0323,0,3.64184,41.1
385_0323,1,1.1731,45.4
385_0323,2,0.17001,39.5
385_0323,3,0.50363,37.6
385_0323,4,2.23357,34.5
385_0324,0,1.77941,31.7
385_0324,1,1.39499,32.0
385_0324,2,1.57627,32.4
385_0324,3,1.47616,33.8
385_0324,4,1.54256,32.5
385_0325,0,1.74768,37.6
385_0325,1,1.92112,34.1
385_0325,2,4.31067,35.0
385_0325,3,3.80565,33.0
385_0325,4,2.96183,33.4
385_0326,0,3.41047,31.9
385_0326,1,6.18882,35.4
385_0326,2,2.307,37.4
385_0326,3,3.63871,32.1
385_0326,4,1.83106,35.7
385_0327,0,5.09518,37.8
385_0327,1,3.61827,32.0
385_0327,2,3.15636,31.6
385_0327,3,5.54963,35.4
385_0327,4,2.03305,35.5
385_0328,0,-1.94729,34.4
385_0328,1,0.1298,36.3
385_0328,2,-0.39577,33.5
385_0328,3,3.66974,35.4
385_0328,4,-0.08695,40.9
385_0329,0,3.30265,32.3
385_0329,1,2.21617,31.8
385_0329,2,3.05807,35.3
385_0329,3,2.71175,32.5
385_0329,4,2.78504,33.0
385_0330,0,0.08186,36.1
385_0330,1,1.85864,36.9
385_0330,2,2.32139,38.0
385_0330,3,1.59057,36.4
385_0330,4,0.56539,32.3
385_0331,0,1.28145,32.2
385_0331,1,1.69202,32.7
385_0331,2,1.02445,35.8
385_0331,3,0.84632,33.5
385_0331,4,3.14467,31.9
385_0332,0,5.809,32.4
385_0332,1,9.28047,38.4
385_0332,2,5.27083,33.4
385_0332,3,4.91288,32.2
385_0332,4,8.2549,36.0
385_0333,0,3.7545,33.4
385_0333,1,2.23568,38.0
385_0333,2,1.5434,31.6
385_0333,3,0.4501,35.6
385_0333,4,4.17153,37.0
385_0334,0,3.08827,33.4
385_0334,1,1.31729,36.7
385_0334,2,-2.17574,36.5
385_0334,3,3.11727,33.6
385_0334,4,-0.08455,36.6
385_0335,0,1.31188,38.0
385_0335,1,3.95121,39.3
385_0335,2,5.86719,39.6
385_0335,3,3.16697,35.9
385_0335,4,2.19582,36.1
385_0336,0,6.18354,36.1
385_0336,1,5.53325,36.5
385_0336,2,7.03204,31.9
385_0336,3,3.03323,32.5
385_0336,4,4.21188,41.6
385_0337,0,3.07492,36.0
385_0337,1,2.10457,33.0
385_0337,2,1.82604,33.5
385_0337,3,3.21039,37.1
385_0337,4,2.61397,36.2
385_0338,0,6.04623,32.6
385_0338,1,6.51017,36.5
385_0338,2,-0.59547,32.2
385_0338,3,0.59083,37.0
385_0338,4,1.59873,32.4
385_0339,0,0.04997,35.8
385_0339,1,0.3137,30.8
385_0339,2,0.1121,35.9
385_0339,3,0.01624,34.4
385_0339,4,0.26101,30.0
385_0340,0,-0.64687,30.9
385_0340,1,0.20628,36.0
385_0340,2,0.95656,36.9
385_0340,3,0.82871,32.8
385_0340,4,-0.43905,33.7
385_0341,0,-0.1069,31.1
385_0341,1,0.40804,34.8
385_0341,2,-0.4793,30.7
385_0341,3,-0.75676,32.7
385_0341,4,-1.79717,39.0
385_0342,0,-0.29022,35.1
385_0342,1,0.13742,35.4
385_0342,2,-0.60148,31.4
385_0342,3,-1.17089,37.7
385_0342,4,-1.64894,31.6
385_0343,0,-0.07113,37.3
385_0343,1,0.29893,32.0
385_0343,2,0.11336,35.8
385_0343,3,0.31048,34.2
385_0343,4,0.16306,31.9
385_0344,0,-0.36883,37.1
385_0344,1,-0.34005,32.2
385_0344,2,-0.78396,35.0
385_0344,3,0.03311,33.7
385_0344,4,-0.23127,31.3
385_0345,0,-0.62046,32.7
385_0345,1,0.333,31.1
385_0345,2,-0.37849,31.0
385_0345,3,-0.96995,32.9
385_0345,4,0.44017,35.0
385_0346,0,0.16705,33.7
385_0346,1,-0.38173,31.4
385_0346,2,0.11726,36.0
385_0346,3,-0.0329,34.0
385_0346,4,0.28275,31.2
385_0347,0,0.06915,31.2
385_0347,1,0.25756,37.8
385_0347,2,0.24395,33.4
385_0347,3,0.29319,32.8
385_0347,4,2.77737,34.9
385_0348,0,0.09404,31.6
385_0348,1,-0.08284,30.8
385_0348,2,0.85319,37.3
385_0348,3,0.87246,32.4
385_0348,4,-0.26095,42.6
385_0349,0,0.24792,31.2
385_0349,1,0.14024,36.5
385_0349,2,0.24358,33.0
385_0349,3,0.2088,33.2
385_0349,4,0.30573,31.2
385_0350,0,0.16654,39.0
385_0350,1,-0.61074,40.7
385_0350,2,-0.48849,36.5
385_0350,3,0.2468,31.7
385_0350,4,0.38403,37.1
385_0351,0,6.25692,41.0
385_0351,1,6.29247,39.9
385_0351,2,5.9968,37.9
385_0351,3,6.19779,41.3
385_0351,4,7.04916,39.8
385_0352,0,5.78157,34.3
385_0352,1,5.29372,39.3
385_0352,2,6.20655,36.0
385_0352,3,6.29347,33.8
385_0352,4,6.13365,35.1
385_0353,0,6.85999,38.1
385_0353,1,0.80536,35.1
385_0353,2,6.61059,41.7
385_0353,3,4.96204,36.5
385_0353,4,4.60223,39.9
385_0354,0,5.89457,39.5
385_0354,1,5.75795,40.7
385_0354,2,5.7416,34.2
385_0354,3,5.70489,36.2
385_0354,4,2.30464,34.3
385_0355,0,4.21455,36.0
385_0355,1,4.14499,32.8
385_0355,2,2.72627,32.8
385_0355,3,5.62252,35.1
385_0355,4,4.11962,33.5
385_0356,0,6.32169,39.7
385_0356,1,5.69273,35.9
385_0356,2,6.51986,36.2
385_0356,3,6.27077,36.7
385_0356,4,4.20608,34.5
385_0357,0,6.89611,36.9
385_0357,1,7.38852,36.1
385_0357,2,5.14896,33.7
385_0357,3,5.34607,42.3
385_0357,4,5.28592,33.3
385_0358,0,5.89118,33.8
385_0358,1,5.28131,35.7
385_0358,2,4.93625,40.5
385_0358,3,5.11075,34.1
385_0358,4,5.80085,42.4
385_0359,0,6.12824,38.0
385_0359,1,4.00644,38.0
385_0359,2,6.73364,36.5
385_0359,3,5.10272,39.6
385_0359,4,6.21979,38.8
385_0360,0,3.28134,37.2
385_0360,1,3.54802,38.6
385_0360,2,6.53319,34.8
385_0360,3,5.51192,37.4
385_0360,4,4.35435,33.4
385_0361,0,5.16336,34.1
385_0361,1,4.64352,41.5
385_0361,2,4.25775,36.4
385_0361,3,4.58362,33.9
385_0361,4,4.44614,35.2
385_0362,0,6.06073,35.6
385_0362,1,6.45495,34.2
385_0362,2,6.37678,38.7
385_0362,3,6.45769,33.6
385_0362,4,6.26269,33.7
385_0363,0,5.23465,39.2
385_0363,1,3.69839,33.1
385_0363,2,3.40497,33.7
385_0363,3,5.71379,37.0
385_0363,4,5.52436,43.3
385_0364,0,6.06354,37.8
385_0364,1,2.6581,33.5
385_0364,2,5.79104,35.5
385_0364,3,5.79257,34.2
385_0364,4,5.24827,34.0
385_0365,0,6.23325,35.5
385_0365,1,5.35214,35.6
385_0365,2,5.17092,34.0
385_0365,3,5.65307,34.9
385_0365,4,6.23488,34.7
385_0366,0,3.08037,38.7
385_0366,1,5.56506,36.7
385_0366,2,6.57164,33.7
385_0366,3,6.7326,39.4
385_0366,4,4.63488,36.5
385_0367,0,6.4741,38.2
385_0367,1,4.09434,34.6
385_0367,2,1.00908,33.1
385_0367,3,5.98272,36.5
385_0367,4,1.37951,33.0
385_0368,0,5.72762,35.2
385_0368,1,5.71768,39.9
385_0368,2,5.4009,40.2
385_0368,3,4.92476,37.5
385_0368,4,5.66924,37.0
385_0369,0,2.8407,38.2
385_0369,1,2.72557,33.9
385_0369,2,2.61069,39.9
385_0369,3,2.64103,33.5
385_0369,4,4.28585,36.2
385_0370,0,2.89174,37.0
385_0370,1,2.87346,40.7
385_0370,2,2.93994,33.8
385_0370,3,2.89765,38.6
385_0370,4,2.85958,46.3
385_0371,0,1.48104,35.1
385_0371,1,3.11619,34.7
385_0371,2,2.89542,37.5
385_0371,3,3.32856,33.4
385_0371,4,3.47005,33.7
385_0372,0,0.94295,40.1
385_0372,1,2.38828,38.8
385_0372,2,2.87115,33.3
385_0372,3,3.92798,33.3
385_0372,4,3.16173,33.9
385_0373,0,-0.56385,37.5
385_0373,1,-0.01238,34.9
385_0373,2,0.77988,37.6
385_0373,3,-0.57514,35.8
385_0373,4,-0.77038,43.4
385_0374,0,2.98751,41.9
385_0374,1,3.69147,35.5
385_0374,2,4.16276,36.1
385_0374,3,2.94338,35.6
385_0374,4,4.58851,42.3
385_0375,0,1.38016,36.6
385_0375,1,1.28167,33.5
385_0375,2,2.51459,37.2
385_0375,3,1.29227,42.0
385_0375,4,1.05461,37.0
385_0376,0,1.60113,35.4
385_0376,1,2.39144,39.0
385_0376,2,2.277,37.1
385_0376,3,1.50577,43.1
385_0376,4,1.73474,33.4
385_0377,0,2.04777,36.8
385_0377,1,2.51034,37.9
385_0377,2,1.09651,33.8
385_0377,3,1.2078,43.4
385_0377,4,1.42618,39.6
385_0378,0,0.34006,35.2
385_0378,1,0.84829,33.1
385_0378,2,0.73058,33.4
385_0378,3,0.50339,36.9
385_0378,4,0.59722,32.8
385_0379,0,2.71933,32.8
385_0379,1,3.09093,39.4
385_0379,2,3.39271,43.2
385_0379,3,2.41754,39.9
385_0379,4,3.42757,32.2
385_0380,0,12.7479,38.9
385_0380,1,11.40748,41.4
385_0380,2,8.22942,38.0
385_0380,3,8.47115,32.2
385_0380,4,10.60289,35.1
385_0381,0,2.54035,32.6
385_0381,1,1.51108,35.7
385_0381,2,1.83462,37.6
385_0381,3,2.28856,34.0
385_0381,4,1.43497,32.8
385_0382,0,1.40138,32.8
385_0382,1,2.43462,40.1
385_0382,2,2.11179,33.6
385_0382,3,1.54639,35.6
385_0382,4,2.47536,34.2
385_0383,0,5.07588,38.7
385_0383,1,2.96761,43.3
385_0383,2,3.59984,37.2
385_0383,3,2.98458,37.2
385_0383,4,3.4838,36.9
385_0384,0,3.46579,34.5
385_0384,1,2.98822,36.2
385_0384,2,4.08849,36.7
385_0384,3,2.67501,32.9
385_0384,4,3.57948,37.1
385_0385,0,1.89395,40.1
385_0385,1,2.28613,33.2
385_0385,2,2.29505,39.2
385_0385,3,2.79846,33.0
385_0385,4,2.20358,35.4
385_0386,0,0.63012,32.5
385_0386,1,-1.80942,36.7
385_0386,2,-1.22121,37.4
385_0386,3,-1.03645,33.3
385_0386,4,1.49704,32.2
385_0387,0,1.04064,40.6
385_0387,1,3.58263,32.9
385_0387,2,0.97072,34.3
385_0387,3,1.58406,35.2
385_0387,4,1.84411,43.7
385_0388,0,4.1896,38.5
385_0388,1,3.91676,40.8
385_0388,2,3.80514,36.1
385_0388,3,4.04463,33.1
385_0388,4,3.86916,37.7
385_0389,0,-0.05515,30.7
385_0389,1,0.33993,30.3
385_0389,2,0.11138,33.1
385_0389,3,0.41094,34.1
385_0389,4,0.9213,31.5
385_0390,0,0.078,34.3
385_0390,1,-0.00142,33.3
385_0390,2,0.10756,31.7
385_0390,3,0.18713,36.3
385_0390,4,0.13781,29.7
385_0391,0,0.02829,34.2
385_0391,1,0.23219,41.4
385_0391,2,1.19359,34.8
385_0391,3,0.39548,32.6
385_0391,4,0.03809,31.4
385_0392,0,0.67099,41.0
385_0392,1,-1.32528,30.8
385_0392,2,0.75302,33.6
385_0392,3,0.92839,35.2
385_0392,4,0.26127,31.0
385_0393,0,0.16599,30.1
385_0393,1,-0.40942,31.8
385_0393,2,0.3116,31.0
385_0393,3,0.04993,30.5
385_0393,4,0.13261,35.7
385_0394,0,-0.06229,36.2
385_0394,1,0.09119,33.0
385_0394,2,0.35997,33.3
385_0394,3,0.11428,33.3
385_0394,4,0.43234,33.5
385_0395,0,0.40486,32.7
385_0395,1,0.19353,31.1
385_0395,2,-1.18436,34.2
385_0395,3,-0.08907,31.0
385_0395,4,-0.00231,30.3
385_0396,0,0.46136,36.9
385_0396,1,1.41265,37.1
385_0396,2,0.79721,39.3
385_0396,3,2.47185,40.4
385_0396,4,2.17466,32.9
385_0397,0,2.80053,33.2
385_0397,1,3.28877,34.3
385_0397,2,3.00589,38.6
385_0397,3,4.32895,43.0
385_0397,4,1.13726,40.3
385_0398,0,1.52097,33.1
385_0398,1,1.97497,33.2
385_0398,2,-0.3851,32.5
385_0398,3,1.27452,34.7
385_0398,4,0.93429,43.8
385_0399,0,1.83772,34.9
385_0399,1,-0.89875,38.2
385_0399,2,1.1042,39.4
385_0399,3,-3.13659,37.9
385_0399,4,0.79287,32.2
385_0400,0,-0.86266,36.2
385_0400,1,1.3418,40.3
385_0400,2,-0.87785,41.2
385_0400,3,2.12921,32.6
385_0400,4,-0.81518,38.9
385_0401,0,4.10674,37.3
385_0401,1,0.65891,36.5
385_0401,2,4.19213,33.8
385_0401,3,4.12081,32.4
385_0401,4,0.60281,34.2
385_0402,0,-0.36323,33.2
385_0402,1,-0.38604,34.8
385_0402,2,2.28124,37.6
385_0402,3,0.5213,33.0
385_0402,4,2.38445,33.3
385_0403,0,2.64578,41.1
385_0403,1,1.93202,31.7
385_0403,2,2.55492,38.3
385_0403,3,-1.07993,32.8
385_0403,4,-0.95021,36.5
385_0404,0,0.19185,40.9
385_0404,1,-0.01878,40.7
385_0404,2,0.18654,32.4
385_0404,3,0.29876,41.0
385_0404,4,2.83487,36.7
385_0405,0,0.33319,33.7
385_0405,1,-0.17455,36.0
385_0405,2,-0.34231,37.9
385_0405,3,-0.09489,33.3
385_0405,4,2.23179,33.1
385_0406,0,-0.40991,32.3
385_0406,1,2.33965,32.5
385_0406,2,1.24011,44.2
385_0406,3,2.58284,33.7
385_0406,4,0.2224,40.5
385_0407,0,0.51366,34.5
385_0407,1,2.36395,41.4
385_0407,2,0.56228,32.1
385_0407,3,-0.23799,32.7
385_0407,4,0.32239,37.3
385_0408,0,0.2358,36.8
385_0408,1,0.04434,32.2
385_0408,2,2.65274,39.6
385_0408,3,0.03654,34.7
385_0408,4,1.92231,34.2
385_0409,0,1.43477,39.4
385_0409,1,4.1782,36.8
385_0409,2,0.06985,37.2
385_0409,3,0.10189,36.3
385_0409,4,0.20474,34.3
385_0410,0,0.44249,32.4
385_0410,1,0.14433,34.8
385_0410,2,1.03657,33.3
385_0410,3,0.08276,34.5
385_0410,4,0.81053,33.1
385_0411,0,1.24219,32.5
385_0411,1,2.8403,33.3
385_0411,2,1.04945,34.6
385_0411,3,2.72395,40.4
385_0411,4,0.48667,32.8
385_0412,0,0.35685,39.4
385_0412,1,1.73911,32.8
385_0412,2,-0.75831,39.8
385_0412,3,0.45667,38.7
385_0412,4,0.707,39.4
385_0413,0,1.12148,37.3
385_0413,1,1.64534,36.6
385_0413,2,0.59421,36.6
385_0413,3,-0.28155,33.4
385_0413,4,1.35297,39.9
385_0414,0,-1.78062,45.7
385_0414,1,1.73937,44.5
385_0414,2,3.20502,36.0
385_0414,3,-0.12825,33.5
385_0414,4,-2.63686,41.8
385_0415,0,-1.54068,34.7
385_0415,1,-1.07063,33.1
385_0415,2,3.25605,34.5
385_0415,3,-0.89751,36.1
385_0415,4,1.35106,41.3
385_0416,0,0.35527,33.0
385_0416,1,-0.31547,31.0
385_0416,2,0.08207,33.2
385_0416,3,0.3509,33.0
385_0416,4,-0.80577,31.0
385_0417,0,0.17388,32.3
385_0417,1,1.81972,33.0
385_0417,2,-0.17868,37.5
385_0417,3,0.33319,38.7
385_0417,4,0.07741,32.2
385_0418,0,0.20235,31.6
385_0418,1,-0.14335,31.9
385_0418,2,0.12121,35.5
385_0418,3,-0.01083,37.4
385_0418,4,0.50914,32.5
385_0419,0,0.50511,36.0
385_0419,1,0.29687,34.8
385_0419,2,0.01256,31.4
385_0419,3,1.24763,35.2
385_0419,4,-0.11745,31.6
385_0420,0,-1.26511,36.7
385_0420,1,1.2952,32.2
385_0420,2,0.47954,31.6
385_0420,3,0.98937,36.7
385_0420,4,0.67449,32.3
385_0421,0,-0.14666,37.2
385_0421,1,1.38419,35.3
385_0421,2,1.01707,31.1
385_0421,3,2.49623,30.9
385_0421,4,-0.03404,30.9
385_0422,0,1.59058,40.6
385_0422,1,-0.36048,33.9
385_0422,2,0.34759,31.3
385_0422,3,0.07565,32.4
385_0422,4,0.29939,30.9
385_0423,0,0.03063,33.9
385_0423,1,0.24676,37.7
385_0423,2,0.61358,30.7
385_0423,3,1.18582,35.9
385_0423,4,0.04209,32.0
385_0424,0,-0.41022,35.4
385_0424,1,1.36336,31.7
385_0424,2,1.62236,33.8
385_0424,3,0.43089,32.7
385_0424,4,0.35051,31.5
385_0425,0,0.51042,38.8
385_0425,1,0.18424,30.7
385_0425,2,1.14509,32.8
385_0425,3,0.99028,42.3
385_0425,4,0.88868,33.2
385_0426,0,3.34566,33.0
385_0426,1,0.34477,35.2
385_0426,2,1.12049,31.9
385_0426,3,2.08765,33.8
385_0426,4,0.21109,32.3
385_0427,0,0.10371,35.6
385_0427,1,-0.89033,31.2
385_0427,2,0.03375,30.7
385_0427,3,1.53633,36.0
385_0427,4,-0.34766,31.6
385_0428,0,-0.17733,33.5
385_0428,1,0.90355,31.1
385_0428,2,1.02678,31.6
385_0428,3,-0.26791,30.8
385_0428,4,0.01293,37.0
385_0429,0,-0.15236,36.1
385_0429,1,1.03361,42.7
385_0429,2,1.79692,32.3
385_0429,3,-0.03524,40.4
385_0429,4,0.75752,37.2
385_0430,0,0.58317,33.3
385_0430,1,-0.0138,30.3
385_0430,2,2.26191,32.7
385_0430,3,1.37426,35.5
385_0430,4,1.47773,32.6
385_0431,0,-0.09078,47.8
385_0431,1,-0.42054,40.1
385_0431,2,0.89973,31.4
385_0431,3,-0.21728,39.0
385_0431,4,-0.39816,35.6
385_0432,0,0.66744,34.0
385_0432,1,0.8666,31.6
385_0432,2,1.40033,33.6
385_0432,3,1.23386,32.8
385_0432,4,0.20921,33.3
385_0433,0,1.71692,35.4
385_0433,1,0.73467,37.6
385_0433,2,1.07275,38.1
385_0433,3,1.0586,37.3
385_0433,4,1.56222,36.6
385_0434,0,2.22787,36.6
385_0434,1,1.16706,35.4
385_0434,2,1.54156,32.2
385_0434,3,1.37517,34.1
385_0434,4,1.75752,32.1
385_0435,0,1.15408,40.9
385_0435,1,1.86521,34.6
385_0435,2,1.77748,35.4
385_0435,3,3.1174,32.4
385_0435,4,1.60096,31.0
385_0436,0,3.40858,34.6
385_0436,1,-0.19061,39.1
385_0436,2,0.31943,40.5
385_0436,3,-1.6038,42.0
385_0436,4,2.04461,36.3
385_0437,0,-1.25486,32.3
385_0437,1,0.06787,31.9
385_0437,2,-0.29132,30.5
385_0437,3,0.28746,31.1
385_0437,4,0.5617,29.9
385_0438,0,-0.37633,35.5
385_0438,1,0.37796,34.9
385_0438,2,-0.89679,30.9
385_0438,3,0.19169,38.1
385_0438,4,0.06635,32.1
385_0439,0,2.37205,33.5
385_0439,1,1.76723,32.0
385_0439,2,2.92382,38.8
385_0439,3,1.84657,31.7
385_0439,4,3.61424,31.0
385_0440,0,2.21545,36.4
385_0440,1,2.55753,39.2
385_0440,2,0.91545,32.8
385_0440,3,1.46323,30.7
385_0440,4,0.75757,40.5
385_0441,0,2.30879,33.5
385_0441,1,1.11954,30.8
385_0441,2,1.4211,39.9
385_0441,3,2.6129,34.7
385_0441,4,2.88511,33.1
385_0442,0,2.11667,33.3
385_0442,1,2.7528,33.0
385_0442,2,1.89747,32.5
385_0442,3,0.69108,39.8
385_0442,4,0.93146,34.2
385_0443,0,0.82386,35.6
385_0443,1,1.2422,32.9
385_0443,2,1.46582,36.3
385_0443,3,2.7974,30.2
385_0443,4,0.34613,33.2
385_0444,0,2.41634,31.1
385_0444,1,3.52539,35.8
385_0444,2,1.10156,37.0
385_0444,3,4.70921,35.1
385_0444,4,2.69232,33.3
385_0445,0,1.82373,34.0
385_0445,1,2.05942,31.3
385_0445,2,0.95489,30.9
385_0445,3,2.0723,30.8
385_0445,4,1.28495,31.2
385_0446,0,1.82301,35.6
385_0446,1,4.12758,31.7
385_0446,2,2.08458,35.9
385_0446,3,3.17679,31.0
385_0446,4,2.35423,33.3
385_0447,0,1.28152,34.1
385_0447,1,2.93828,35.9
385_0447,2,2.22343,37.1
385_0447,3,2.15682,32.0
385_0447,4,1.83977,34.3
385_0448,0,2.25434,29.6
385_0448,1,0.76277,34.7
385_0448,2,0.10714,31.2
385_0448,3,-0.42428,36.7
385_0448,4,-0.75064,37.9
385_0449,0,1.22193,31.2
385_0449,1,1.39063,37.1
385_0449,2,0.72638,37.1
385_0449,3,2.91768,32.8
385_0449,4,0.60377,32.8
385_0450,0,2.57537,34.2
385_0450,1,1.0513,30.4
385_0450,2,2.51259,37.3
385_0450,3,1.31559,39.8
385_0450,4,2.55412,39.8
385_0451,0,3.64269,38.5
385_0451,1,2.24119,39.1
385_0451,2,2.05559,34.9
385_0451,3,3.00252,33.2
385_0451,4,1.27899,33.2
385_0452,0,3.29401,40.9
385_0452,1,1.7261,31.4
385_0452,2,2.27861,33.0
385_0452,3,1.55439,36.8
385_0452,4,2.40227,44.1
385_0453,0,1.90703,32.0
385_0453,1,2.02441,32.4
385_0453,2,1.42456,31.0
385_0453,3,1.92955,32.9
385_0453,4,1.1625,31.5
385_0454,0,2.39317,31.0
385_0454,1,0.97038,31.6
385_0454,2,2.60811,35.7
385_0454,3,2.55266,32.5
385_0454,4,1.95185,36.0
385_0455,0,1.30888,31.7
385_0455,1,2.85303,31.8
385_0455,2,2.43449,36.7
385_0455,3,2.37857,34.6
385_0455,4,1.91057,38.7
385_0456,0,3.94805,33.0
385_0456,1,2.13208,36.4
385_0456,2,2.18495,37.3
385_0456,3,5.28222,31.1
385_0456,4,4.06405,39.5
385_0457,0,0.94969,34.0
385_0457,1,1.26128,31.5
385_0457,2,0.83951,37.2
385_0457,3,1.62819,31.1
385_0457,4,1.06414,32.6
385_0458,0,0.89173,31.9
385_0458,1,2.57282,33.3
385_0458,2,1.01395,42.1
385_0458,3,0.81095,38.6
385_0458,4,0.72222,35.3
385_0459,0,0.63857,31.2
385_0459,1,2.27873,35.3
385_0459,2,2.58752,43.7
385_0459,3,2.21643,31.1
385_0459,4,2.0167,34.3
385_0460,0,2.5817,30.7
385_0460,1,2.01074,32.0
385_0460,2,2.61531,34.9
385_0460,3,2.31632,34.0
385_0460,4,5.43688,37.1
385_0461,0,2.38783,31.8
385_0461,1,2.16035,32.0
385_0461,2,1.95158,32.7
385_0461,3,2.13349,39.0
385_0461,4,-0.04811,37.8
385_0462,0,0.67382,31.6
385_0462,1,1.71965,37.7
385_0462,2,1.76756,33.9
385_0462,3,-0.32098,33.0
385_0462,4,1.87219,31.2
385_0463,0,-0.04685,31.0
385_0463,1,0.01663,31.5
385_0463,2,0.5452,32.9
385_0463,3,0.35684,31.0
385_0463,4,0.44398,34.7
385_0464,0,2.34404,32.0
385_0464,1,0.20949,36.5
385_0464,2,3.52624,33.2
385_0464,3,3.99869,35.8
385_0464,4,3.34334,44.8
385_0465,0,0.42506,31.3
385_0465,1,2.7532,32.5
385_0465,2,1.57784,35.1
385_0465,3,0.61423,37.9
385_0465,4,1.50404,31.0
385_0466,0,1.13535,34.5
385_0466,1,2.83206,35.2
385_0466,2,3.20535,33.2
385_0466,3,1.30096,35.3
385_0466,4,0.80011,37.4
385_0467,0,0.69289,38.5
385_0467,1,2.47904,34.1
385_0467,2,1.65649,34.2
385_0467,3,1.88849,31.9
385_0467,4,1.99929,39.1
385_0468,0,4.03501,36.7
385_0468,1,0.42305,38.5
385_0468,2,0.63005,43.4
385_0468,3,-0.08121,36.3
385_0468,4,0.01483,30.7
385_0469,0,0.23773,31.0
385_0469,1,0.00311,31.3
385_0469,2,1.68368,31.9
385_0469,3,1.08527,40.2
385_0469,4,1.64197,39.7
385_0470,0,2.40682,39.9
385_0470,1,1.48003,31.2
385_0470,2,3.16081,32.3
385_0470,3,2.10944,41.5
385_0470,4,2.55477,32.0
385_0471,0,-1.25627,44.6
385_0471,1,0.59697,39.4
385_0471,2,1.23501,33.0
385_0471,3,2.82323,33.9
385_0471,4,2.70597,37.0
385_0472,0,-0.17641,33.9
385_0472,1,3.23795,34.1
385_0472,2,1.71831,42.2
385_0472,3,2.54681,32.8
385_0472,4,1.31003,33.2
385_0473,0,1.58674,32.9
385_0473,1,0.2462,36.5
385_0473,2,0.65839,32.1
385_0473,3,2.08127,39.6
385_0473,4,2.45052,36.7
385_0474,0,2.88114,34.5
385_0474,1,1.11663,31.4
385_0474,2,2.60149,31.4
385_0474,3,2.32264,42.7
385_0474,4,1.65846,34.6
385_0475,0,2.15067,31.5
385_0475,1,0.22524,36.1
385_0475,2,0.9816,31.6
385_0475,3,2.4359,30.8
385_0475,4,0.34166,30.5
385_0476,0,4.34144,38.2
385_0476,1,0.7709,40.0
385_0476,2,-0.16615,36.8
385_0476,3,1.27507,31.1
385_0476,4,2.59073,38.6
385_0477,0,0.96317,32.6
385_0477,1,0.11433,30.6
385_0477,2,-0.98531,30.6
385_0477,3,0.66258,35.6
385_0477,4,-0.07258,30.9
385_0478,0,4.152,33.6
385_0478,1,1.15639,33.3
385_0478,2,0.05876,38.5
385_0478,3,-0.23315,37.1
385_0478,4,0.28994,37.8
385_0479,0,1.70412,33.4
385_0479,1,0.6632,32.8
385_0479,2,1.28814,34.3
385_0479,3,0.18998,33.2
385_0479,4,2.44329,31.4
385_0480,0,0.7059,31.1
385_0480,1,-0.84381,31.3
385_0480,2,0.28532,31.8
385_0480,3,2.229,31.5
385_0480,4,2.63049,32.1
385_0481,0,2.01694,42.5
385_0481,1,0.95842,32.1
385_0481,2,2.17572,35.5
385_0481,3,0.69352,35.0
385_0481,4,0.83952,34.2
385_0482,0,0.60253,30.4
385_0482,1,0.93343,37.4
385_0482,2,1.53215,32.5
385_0482,3,1.49547,34.4
385_0482,4,1.91628,34.3
385_0483,0,0.01157,31.4
385_0483,1,-0.22834,32.2
385_0483,2,0.46395,33.9
385_0483,3,0.10865,34.8
385_0483,4,-0.46224,32.2
385_0484,0,1.48895,32.1
385_0484,1,1.77501,32.2
385_0484,2,-0.46537,33.0
385_0484,3,-0.38965,31.8
385_0484,4,0.214,36.0
385_0485,0,-0.55834,34.8
385_0485,1,1.70914,33.4
385_0485,2,0.90316,36.4
385_0485,3,0.64431,30.8
385_0485,4,0.45052,36.0
385_0486,0,-0.75324,31.1
385_0486,1,0.49611,33.6
385_0486,2,-0.24875,32.1
385_0486,3,1.71565,31.4
385_0486,4,3.07255,30.3
385_0487,0,0.59692,31.8
385_0487,1,1.54836,33.2
385_0487,2,-0.10701,40.7
385_0487,3,-0.3436,31.8
385_0487,4,0.52273,31.2
385_0488,0,1.23437,31.2
385_0488,1,0.00394,37.6
385_0488,2,0.16311,32.6
385_0488,3,0.80588,37.0
385_0488,4,-0.95385,34.7
385_0489,0,0.43171,32.5
385_0489,1,1.23323,36.6
385_0489,2,0.87493,37.0
385_0489,3,-0.91818,36.8
385_0489,4,0.63029,36.0
385_0490,0,-0.35173,35.0
385_0490,1,0.4182,32.6
385_0490,2,1.13771,39.7
385_0490,3,1.62843,31.1
385_0490,4,1.38429,31.3
385_0491,0,1.01872,33.9
385_0491,1,-0.85504,34.6
385_0491,2,-0.73843,33.0
385_0491,3,0.53905,40.4
385_0491,4,0.32122,32.2
385_0492,0,-0.48631,40.0
385_0492,1,1.3301,35.0
385_0492,2,0.1533,32.2
385_0492,3,0.6245,36.0
385_0492,4,0.59547,36.6
385_0493,0,1.16942,32.1
385_0493,1,1.92029,43.0
385_0493,2,0.34563,31.0
385_0493,3,0.8996,38.7
385_0493,4,1.66791,33.0
385_0494,0,1.44165,31.6
385_0494,1,1.46211,36.6
385_0494,2,1.51489,30.8
385_0494,3,2.77302,30.8
385_0494,4,1.13736,32.1
385_0495,0,0.65426,36.4
385_0495,1,1.5727,32.2
385_0495,2,-0.33511,32.2
385_0495,3,1.29643,35.3
385_0495,4,-0.79682,33.5
385_0496,0,1.66106,31.8
385_0496,1,-0.47098,31.1
385_0496,2,1.7418,39.5
385_0496,3,1.81986,45.7
385_0496,4,2.74462,38.7
385_0497,0,-1.484,37.8
385_0497,1,0.91774,37.6
385_0497,2,-0.29657,37.4
385_0497,3,0.84707,31.9
385_0497,4,-1.03793,31.1
385_0498,0,2.78078,40.9
385_0498,1,0.961,37.9
385_0498,2,-0.1702,38.0
385_0498,3,0.2027,31.8
385_0498,4,-0.07897,32.4
385_0499,0,1.36267,32.3
385_0499,1,0.79672,34.8
385_0499,2,1.61157,34.0
385_0499,3,0.74913,36.8
385_0499,4,0.25328,33.6
385_0500,0,1.39087,33.9
385_0500,1,0.91466,31.9
385_0500,2,2.30201,36.5
385_0500,3,2.5797,31.0
385_0500,4,1.91326,32.5
385_0501,0,2.62922,31.3
385_0501,1,1.21804,32.4
385_0501,2,2.32184,33.1
385_0501,3,-2.69887,41.6
385_0501,4,-0.96319,35.6
385_0502,0,-0.43559,31.6
385_0502,1,2.45104,32.0
385_0502,2,-0.9465,33.7
385_0502,3,0.28628,31.2
385_0502,4,0.26906,34.8
385_0503,0,-0.69073,31.9
385_0503,1,-1.14638,36.1
385_0503,2,0.62603,40.7
385_0503,3,1.61955,35.7
385_0503,4,0.91614,32.2
385_0504,0,-2.56897,30.8
385_0504,1,1.87713,31.5
385_0504,2,1.11449,35.3
385_0504,3,2.01731,33.6
385_0504,4,0.83791,36.1
385_0505,0,0.11728,42.3
385_0505,1,0.22629,34.4
385_0505,2,1.01918,31.6
385_0505,3,0.67657,31.3
385_0505,4,0.63882,32.2
385_0506,0,1.42632,32.1
385_0506,1,0.16926,40.0
385_0506,2,2.64247,32.1
385_0506,3,0.60792,32.4
385_0506,4,1.39841,36.6
385_0507,0,-0.12296,31.8
385_0507,1,-0.23914,32.4
385_0507,2,2.34084,42.1
385_0507,3,-0.22122,31.0
385_0507,4,1.75248,39.0
385_0508,0,-1.3506,37.6
385_0508,1,-0.53206,43.8
385_0508,2,0.27761,32.5
385_0508,3,0.01528,34.0
385_0508,4,-1.24731,31.0
385_0509,0,0.47678,33.4
385_0509,1,-2.28463,37.9
385_0509,2,0.46181,35.8
385_0509,3,-0.91646,34.4
385_0509,4,0.93207,35.9
385_0510,0,0.65548,42.0
385_0510,1,-1.90733,33.5
385_0510,2,0.76115,32.0
385_0510,3,-0.24998,39.6
385_0510,4,0.06669,32.0
385_0511,0,1.47035,34.6
385_0511,1,0.74472,31.2
385_0511,2,3.024,42.8
385_0511,3,1.13889,30.2
385_0511,4,2.33915,32.0
385_0512,0,-0.57604,31.0
385_0512,1,1.37007,36.5
385_0512,2,-0.02311,30.6
385_0512,3,1.52242,30.7
385_0512,4,1.5806,30.4
385_0513,0,-1.17271,32.7
385_0513,1,2.71527,32.0
385_0513,2,2.23766,36.0
385_0513,3,-0.76168,38.9
385_0513,4,1.5611,33.8
385_0514,0,2.13901,32.1
385_0514,1,1.66899,36.0
385_0514,2,0.02517,35.6
385_0514,3,0.8685,32.0
385_0514,4,1.23394,32.3
385_0515,0,1.56257,34.7
385_0515,1,-0.40602,35.0
385_0515,2,-2.3864,32.6
385_0515,3,0.6617,30.9
385_0515,4,-0.28233,30.8
385_0516,0,3.06972,30.2
385_0516,1,2.00096,31.5
385_0516,2,0.51356,30.4
385_0516,3,1.88769,31.5
385_0516,4,1.78726,39.3
385_0517,0,-2.00528,34.6
385_0517,1,0.92661,36.4
385_0517,2,1.31588,30.8
385_0517,3,-0.5012,33.3
385_0517,4,-0.34539,34.5
385_0518,0,-1.44552,30.1
385_0518,1,-0.67341,31.2
385_0518,2,0.61945,34.9
385_0518,3,1.13282,34.1
385_0518,4,-0.04249,33.7
385_0519,0,1.47903,30.1
385_0519,1,1.36918,40.2
385_0519,2,1.57233,32.8
385_0519,3,1.46941,39.9
385_0519,4,-0.89807,34.9
385_0520,0,1.17561,33.0
385_0520,1,0.8117,33.4
385_0520,2,1.41187,30.9
385_0520,3,0.48467,30.7
385_0520,4,2.36426,37.3
385_0521,0,1.89885,37.4
385_0521,1,-1.11904,31.9
385_0521,2,1.57217,31.7
385_0521,3,1.27477,31.7
385_0521,4,2.07579,34.2
385_0522,0,-0.49081,37.1
385_0522,1,0.84096,35.7
385_0522,2,0.76764,32.3
385_0522,3,1.3369,33.1
385_0522,4,1.54074,33.3
385_0523,0,0.59127,32.8
385_0523,1,-0.02057,37.0
385_0523,2,-0.24731,31.0
385_0523,3,0.89343,32.2
385_0523,4,1.20885,34.7
385_0524,0,0.10771,32.3
385_0524,1,-0.35274,30.9
385_0524,2,2.63872,36.5
385_0524,3,1.00184,33.0
385_0524,4,-0.90496,35.8
385_0525,0,1.10976,30.5
385_0525,1,0.28169,31.2
385_0525,2,0.18623,32.0
385_0525,3,0.60158,38.6
385_0525,4,-0.24378,30.3
385_0526,0,-1.25246,35.0
385_0526,1,1.8259,30.3
385_0526,2,1.11471,34.3
385_0526,3,3.70392,33.3
385_0526,4,0.94566,34.5
385_0527,0,0.38035,31.4
385_0527,1,1.87698,30.4
385_0527,2,0.62842,30.5
385_0527,3,1.25237,31.0
385_0527,4,-0.04846,36.2
385_0528,0,-0.456,30.1
385_0528,1,-0.44577,32.4
385_0528,2,-2.2872,36.1
385_0528,3,-0.00395,37.7
385_0528,4,-1.64567,34.5
385_0529,0,-0.81372,31.3
385_0529,1,2.07396,37.7
385_0529,2,1.6202,35.7
385_0529,3,0.17482,34.8
385_0529,4,1.3532,34.9
385_0530,0,2.01413,37.5
385_0530,1,0.07873,31.0
385_0530,2,1.3312,43.9
385_0530,3,-0.68743,30.0
385_0530,4,0.81344,37.5
385_0531,0,2.12395,37.2
385_0531,1,0.48162,39.4
385_0531,2,2.42926,43.1
385_0531,3,1.00481,35.7
385_0531,4,1.39743,37.2
385_0532,0,0.30632,30.7
385_0532,1,1.10107,36.9
385_0532,2,-0.12262,34.0
385_0532,3,-0.08745,30.2
385_0532,4,1.00306,34.8
385_0533,0,0.81669,30.5
385_0533,1,0.274,31.4
385_0533,2,0.2939,30.9
385_0533,3,2.01859,30.8
385_0533,4,-0.01389,30.8
385_0534,0,0.33736,32.5
385_0534,1,3.09783,34.6
385_0534,2,1.42333,38.1
385_0534,3,1.68329,37.7
385_0534,4,0.88997,30.3
385_0535,0,0.31721,38.4
385_0535,1,-2.1244,33.2
385_0535,2,1.81827,35.6
385_0535,3,-0.18075,34.5
385_0535,4,1.53027,31.6
385_0536,0,3.1004,31.8
385_0536,1,1.62202,36.5
385_0536,2,2.44082,30.2
385_0536,3,2.25309,36.3
385_0536,4,1.16501,30.2
385_0537,0,-2.08644,29.1
385_0537,1,-0.28346,38.2
385_0537,2,1.2092,35.4
385_0537,3,0.98182,36.1
385_0537,4,-3.25998,41.1
385_0538,0,3.02708,31.8
385_0538,1,-0.21453,41.2
385_0538,2,-0.17356,30.3
385_0538,3,-0.41596,30.2
385_0538,4,-0.44881,33.8
385_0539,0,-0.12438,32.6
385_0539,1,0.12886,33.0
385_0539,2,-0.24895,29.9
385_0539,3,0.0756,27.2
385_0539,4,0.23309,31.7
385_0540,0,0.09013,27.8
385_0540,1,0.42579,32.1
385_0540,2,0.05465,32.9
385_0540,3,0.02856,28.1
385_0540,4,0.02413,28.5
385_0541,0,0.00927,29.5
385_0541,1,0.03236,27.9
385_0541,2,0.04658,39.8
385_0541,3,-0.29162,43.6
385_0541,4,-0.08059,27.9
385_0542,0,-0.14646,29.3
385_0542,1,-0.26888,28.1
385_0542,2,0.32005,29.1
385_0542,3,0.50145,35.0
385_0542,4,-0.11985,31.7
385_0543,0,0.11533,32.5
385_0543,1,0.58778,35.1
385_0543,2,0.22114,35.0
385_0543,3,0.31446,33.7
385_0543,4,0.05803,35.1
385_0544,0,1.10057,30.2
385_0544,1,0.00187,34.9
385_0544,2,0.55308,31.6
385_0544,3,-1.98661,39.5
385_0544,4,0.40652,33.4
385_0545,0,0.01965,39.2
385_0545,1,-0.10441,37.1
385_0545,2,1.09912,29.9
385_0545,3,-0.00667,30.9
385_0545,4,0.99979,37.5
385_0546,0,0.60884,30.5
385_0546,1,0.07976,32.6
385_0546,2,-0.69886,30.1
385_0546,3,-0.24577,36.6
385_0546,4,0.28048,37.0
385_0547,0,0.86249,31.1
385_0547,1,0.21579,32.3
385_0547,2,-0.72303,30.8
385_0547,3,0.34779,38.2
385_0547,4,0.45422,37.1
385_0548,0,0.30384,34.6
385_0548,1,1.7692,33.3
385_0548,2,0.89898,30.1
385_0548,3,-0.60073,30.5
385_0548,4,-0.81132,28.8
