,D12,D3,strain,well,plate,auc,dgr
0,empty,PRM_0366_1,PL17,A1,1,8.816500000000001,0.01200000000000001
1,empty,PRM_0366_1,PL17,A2,1,10.379,0.02400000000000002
2,empty,PRM_0366_1,PL17,A3,1,10.8615,0.020000000000000018
3,empty,PRM_0366_2,PL17,B1,1,17.441000000000003,0.06000000000000005
4,empty,PRM_0366_2,PL17,B2,1,12.7475,0.03600000000000003
5,empty,PRM_0366_2,PL17,B3,1,14.160499999999999,0.03600000000000003
6,empty,PRM_0366_3,PL17,C1,1,26.1435,0.06800000000000006
7,empty,PRM_0366_3,PL17,C2,1,25.967,0.06000000000000005
8,empty,PRM_0366_3,PL17,C3,1,21.888500000000004,0.05999999999999961
9,empty,PRM_0366_4,PL17,D1,1,6.863500000000002,0.008000000000000007
10,empty,PRM_0366_4,PL17,D2,1,7.633000000000001,0.008000000000000007
11,empty,PRM_0366_4,PL17,D3,1,7.680500000000001,0.01200000000000001
12,empty,PRM_0061_1,PL17,E1,1,45.6955,0.08000000000000007
13,empty,PRM_0061_1,PL17,E2,1,32.3825,0.06800000000000006
14,empty,PRM_0061_1,PL17,E3,1,38.474,0.08000000000000007
15,empty,PRM_0061_2,PL17,F1,1,40.198,0.06800000000000006
16,empty,PRM_0061_2,PL17,F2,1,37.391,0.07600000000000007
17,empty,PRM_0061_2,PL17,F3,1,40.304,0.07200000000000006
18,empty,PRM_0061_3,PL17,G1,1,43.192,0.07599999999999962
19,empty,PRM_0061_3,PL17,G2,1,41.410500000000006,0.07599999999999962
20,empty,PRM_0061_3,PL17,G3,1,44.4585,0.07999999999999963
21,empty,PRM_0061_4,PL17,H1,1,61.295,0.08799999999999963
22,empty,PRM_0061_4,PL17,H2,1,38.51,0.07600000000000007
23,empty,PRM_0061_4,PL17,H3,1,42.9625,0.07600000000000007
24,empty,PRM_0385_1,PL17,A4,1,39.083999999999996,0.06400000000000006
25,empty,PRM_0385_1,PL17,A5,1,24.758000000000003,0.06800000000000006
26,empty,PRM_0385_1,PL17,A6,1,24.230500000000003,0.06800000000000006
27,empty,PRM_0385_2,PL17,B4,1,24.2135,0.06799999999999962
28,empty,PRM_0385_2,PL17,B5,1,24.018,0.07199999999999962
29,empty,PRM_0385_2,PL17,B6,1,34.339999999999996,0.06800000000000006
30,empty,PRM_0385_4,PL17,D4,1,27.1535,0.06400000000000006
31,empty,PRM_0385_4,PL17,D5,1,25.1695,0.06000000000000005
32,empty,PRM_0385_4,PL17,D6,1,28.0775,0.07200000000000006
33,empty,PRM_0025_2,PL17,E4,1,6.331,0.008000000000000007
34,empty,PRM_0025_2,PL17,E5,1,8.944500000000001,0.020000000000000018
35,empty,PRM_0025_2,PL17,E6,1,11.196000000000002,0.02400000000000002
36,empty,PRM_0025_4,PL17,F4,1,46.0825,0.07999999999999963
37,empty,PRM_0025_4,PL17,F5,1,49.217000000000006,0.08000000000000007
38,empty,PRM_0025_4,PL17,F6,1,48.118,0.08400000000000007
39,empty,PRM_0363_1,PL17,G4,1,10.8495,0.03200000000000003
40,empty,PRM_0363_1,PL17,G5,1,10.035,0.027999999999999803
41,empty,PRM_0363_1,PL17,G6,1,10.284500000000001,0.03200000000000003
42,empty,PRM_0363_2,PL17,H4,1,20.5005,0.06000000000000005
43,empty,PRM_0363_2,PL17,H5,1,24.346,0.05600000000000005
44,empty,PRM_0363_2,PL17,H6,1,15.1905,0.05600000000000005
45,empty,PRM_0363_3,PL17,A7,1,14.647999999999998,0.04800000000000004
46,empty,PRM_0363_3,PL17,A8,1,14.981000000000003,0.052000000000000046
47,empty,PRM_0363_3,PL17,A9,1,19.061500000000002,0.052000000000000046
48,empty,PRM_0363_4,PL17,B7,1,14.385000000000002,0.05600000000000005
49,empty,PRM_0363_4,PL17,B8,1,11.853,0.03200000000000003
50,empty,PRM_0363_4,PL17,B9,1,19.5135,0.06000000000000005
51,empty,PRM_0246_1,PL17,C7,1,30.5195,0.06800000000000006
52,empty,PRM_0246_1,PL17,C8,1,26.6335,0.06400000000000006
53,empty,PRM_0246_1,PL17,C9,1,29.3075,0.06799999999999962
54,empty,PRM_0246_2,PL17,D7,1,26.9285,0.06799999999999962
55,empty,PRM_0246_2,PL17,D8,1,28.293999999999997,0.06800000000000006
56,empty,PRM_0246_2,PL17,D9,1,29.19,0.06400000000000006
57,empty,PRM_0246_3,PL17,E7,1,19.0605,0.05599999999999983
58,empty,PRM_0246_3,PL17,E8,1,22.1305,0.06799999999999962
59,empty,PRM_0246_3,PL17,E9,1,17.732000000000003,0.05600000000000005
60,empty,PRM_0246_4,PL17,F7,1,4.902499999999999,0.0040000000000000036
61,empty,PRM_0246_4,PL17,F8,1,5.410500000000001,0.0040000000000000036
62,empty,PRM_0246_4,PL17,F9,1,7.842500000000001,0.008000000000000007
63,empty,PRM_0214_1,PL17,G7,1,22.432,0.05600000000000005
64,empty,PRM_0214_1,PL17,G8,1,21.2525,0.06800000000000006
65,empty,PRM_0214_1,PL17,G9,1,25.19,0.06400000000000006
66,empty,PRM_0214_2,PL17,H7,1,21.682499999999997,0.05600000000000005
67,empty,PRM_0214_2,PL17,H8,1,21.812,0.06000000000000005
68,empty,PRM_0214_2,PL17,H9,1,23.926000000000002,0.06400000000000006
69,empty,PRM_0214_3,PL17,A10,1,40.47149999999999,0.07200000000000006
70,empty,PRM_0214_3,PL17,A11,1,53.340500000000006,0.08800000000000008
71,empty,PRM_0214_3,PL17,A12,1,57.26599999999999,0.08800000000000008
72,empty,PRM_0214_4,PL17,B10,1,4.2315,0.0040000000000000036
73,empty,PRM_0214_4,PL17,B11,1,5.76,0.0040000000000000036
74,empty,PRM_0214_4,PL17,B12,1,5.9464999999999995,0.0040000000000000036
75,empty,PRM_0214_5,PL17,C10,1,37.38250000000001,0.07200000000000006
76,empty,PRM_0214_5,PL17,C11,1,52.399499999999996,0.09200000000000008
77,empty,PRM_0214_5,PL17,C12,1,41.403000000000006,0.07599999999999962
78,empty,PRM_0214_6,PL17,D10,1,14.9665,0.04800000000000004
79,empty,PRM_0214_6,PL17,D11,1,27.633000000000003,0.06400000000000006
80,empty,PRM_0214_6,PL17,D12,1,31.400000000000002,0.07600000000000007
81,empty,PRM_0214_7,PL17,E10,1,18.8525,0.05600000000000005
82,empty,PRM_0214_7,PL17,E11,1,30.8075,0.07200000000000006
83,empty,PRM_0214_7,PL17,E12,1,18.904499999999995,0.06000000000000005
84,empty,PRM_0131_1,PL17,F10,1,45.618,0.08000000000000007
85,empty,PRM_0131_1,PL17,F11,1,43.354499999999994,0.07600000000000007
86,empty,PRM_0131_1,PL17,F12,1,45.029999999999994,0.08399999999999963
87,empty,PRM_0131_2,PL17,G10,1,40.735,0.07600000000000007
88,empty,PRM_0131_2,PL17,G11,1,39.058,0.08400000000000007
89,empty,PRM_0131_2,PL17,G12,1,53.8405,0.09200000000000008
90,empty,PRM_0131_3,PL17,H10,1,69.6795,0.10000000000000009
91,empty,PRM_0131_3,PL17,H11,1,54.583999999999996,0.08400000000000007
92,empty,PRM_0131_3,PL17,H12,1,65.1195,0.10000000000000009
93,empty,PRM_0131_4,PL17,A1,2,38.9865,0.07600000000000007
94,empty,PRM_0131_4,PL17,A2,2,37.485,0.08400000000000007
95,empty,PRM_0131_4,PL17,A3,2,47.46099999999999,0.08400000000000007
96,empty,PRM_0250_1,PL17,B1,2,22.898,0.07600000000000007
97,empty,PRM_0250_1,PL17,B2,2,18.317500000000003,0.05600000000000005
98,empty,PRM_0250_1,PL17,B3,2,24.583499999999997,0.06400000000000006
99,empty,PRM_0250_2,PL17,C1,2,23.665999999999997,0.07200000000000006
100,empty,PRM_0250_2,PL17,C2,2,19.173499999999997,0.06000000000000005
101,empty,PRM_0250_2,PL17,C3,2,22.3855,0.06400000000000006
102,empty,PRM_0250_3,PL17,D1,2,31.6295,0.07199999999999962
103,empty,PRM_0250_3,PL17,D2,2,26.1475,0.07599999999999962
104,empty,PRM_0250_3,PL17,D3,2,46.416000000000004,0.07200000000000006
105,empty,PRM_0250_4,PL17,E1,2,8.554499999999999,0.016000000000000014
106,empty,PRM_0250_4,PL17,E2,2,8.046999999999999,0.020000000000000018
107,empty,PRM_0250_4,PL17,E3,2,7.6485,0.016000000000000014
108,empty,PRM_0299_1,PL17,F1,2,30.033999999999995,0.06800000000000006
109,empty,PRM_0299_1,PL17,F2,2,26.304500000000004,0.07600000000000007
110,empty,PRM_0299_1,PL17,F3,2,28.78,0.07600000000000007
111,empty,PRM_0299_2,PL17,G1,2,30.341,0.07200000000000006
112,empty,PRM_0299_2,PL17,G2,2,23.842500000000005,0.06800000000000006
113,empty,PRM_0299_2,PL17,G3,2,29.332999999999995,0.07199999999999962
114,empty,PRM_0299_3,PL17,H1,2,44.999,0.08400000000000007
115,empty,PRM_0299_3,PL17,H2,2,38.087,0.08400000000000007
116,empty,PRM_0299_3,PL17,H3,2,37.0875,0.07200000000000006
117,empty,PRM_0299_4,PL17,A4,2,4.84,0.0040000000000000036
118,empty,PRM_0299_4,PL17,A5,2,5.576499999999999,0.008000000000000007
119,empty,PRM_0299_4,PL17,A6,2,5.846499999999999,0.0040000000000000036
120,empty,PRM_0299_5,PL17,B4,2,3.8394999999999997,0.0040000000000000036
121,empty,PRM_0299_5,PL17,B5,2,5.053499999999999,0.0040000000000000036
122,empty,PRM_0299_5,PL17,B6,2,5.472500000000002,0.0040000000000000036
123,empty,PRM_0299_6,PL17,C4,2,12.36,0.0519999999999996
124,empty,PRM_0299_6,PL17,C5,2,17.245,0.06000000000000005
125,empty,PRM_0299_6,PL17,C6,2,19.9465,0.06400000000000006
126,empty,PRM_0152_1,PL17,D4,2,36.111,0.07999999999999963
127,empty,PRM_0152_1,PL17,D5,2,30.426000000000002,0.07200000000000006
128,empty,PRM_0152_1,PL17,D6,2,29.989500000000003,0.07200000000000006
129,empty,PRM_0152_2,PL17,E4,2,41.451499999999996,0.08399999999999963
130,empty,PRM_0152_2,PL17,E5,2,42.9215,0.07599999999999985
131,empty,PRM_0152_2,PL17,E6,2,35.6045,0.07200000000000006
132,empty,PRM_0152_3,PL17,F4,2,44.23950000000001,0.08399999999999963
133,empty,PRM_0152_3,PL17,F5,2,50.9965,0.08000000000000007
134,empty,PRM_0152_3,PL17,F6,2,44.0085,0.08400000000000007
135,empty,PRM_0152_4,PL17,G4,2,47.694500000000005,0.09199999999999964
136,empty,PRM_0152_4,PL17,G5,2,49.41799999999999,0.08800000000000008
137,empty,PRM_0152_4,PL17,G6,2,49.63,0.08000000000000007
138,empty,PRM_0304_1,PL17,H4,2,56.192499999999995,0.09600000000000009
139,empty,PRM_0304_1,PL17,H5,2,45.6485,0.08000000000000007
140,empty,PRM_0304_1,PL17,H6,2,41.28699999999999,0.08400000000000007
141,empty,PRM_0304_2,PL17,A7,2,16.274500000000003,0.06800000000000006
142,empty,PRM_0304_2,PL17,A8,2,23.347000000000005,0.07200000000000006
143,empty,PRM_0304_2,PL17,A9,2,18.326999999999998,0.06800000000000006
144,empty,PRM_0304_3,PL17,B7,2,19.7235,0.07199999999999984
145,empty,PRM_0304_3,PL17,B8,2,20.255499999999998,0.08000000000000007
146,empty,PRM_0304_3,PL17,B9,2,22.8515,0.06000000000000005
147,empty,PRM_0304_4,PL17,C7,2,24.2025,0.06400000000000006
148,empty,PRM_0304_4,PL17,C8,2,22.912499999999998,0.06800000000000006
149,empty,PRM_0304_4,PL17,C9,2,20.674500000000002,0.06400000000000006
150,empty,PRM_0304_5,PL17,D7,2,6.004499999999999,0.01200000000000001
151,empty,PRM_0304_5,PL17,D8,2,5.770000000000001,0.01200000000000001
152,empty,PRM_0304_5,PL17,D9,2,6.2204999999999995,0.01200000000000001
153,empty,PRM_0304_6,PL17,E7,2,29.316999999999997,0.08800000000000008
154,empty,PRM_0304_6,PL17,E8,2,41.274499999999996,0.08000000000000007
155,empty,PRM_0304_6,PL17,E9,2,26.942,0.07600000000000007
156,empty,PRM_0304_7,PL17,F7,2,16.0285,0.05600000000000005
157,empty,PRM_0304_7,PL17,F8,2,18.255499999999998,0.06400000000000006
158,empty,PRM_0304_7,PL17,F9,2,12.694,0.05600000000000005
159,366,empty,PL19,A10,2,53.2235,0.08399999999999963
160,366,empty,PL19,A11,2,59.229000000000006,0.08399999999999963
161,366,empty,PL19,A12,2,57.119,0.08000000000000007
162,61,empty,PL19,B10,2,66.8635,0.09200000000000008
163,61,empty,PL19,B11,2,58.5675,0.08399999999999963
164,61,empty,PL19,B12,2,70.9595,0.08800000000000008
165,385,empty,PL19,C10,2,72.46600000000001,0.09200000000000008
166,385,empty,PL19,C11,2,82.109,0.10400000000000009
167,385,empty,PL19,C12,2,72.86650000000002,0.09200000000000008
168,25,empty,PL19,D10,2,50.644499999999994,0.08400000000000007
169,25,empty,PL19,D11,2,54.67249999999999,0.08400000000000007
170,25,empty,PL19,D12,2,50.8695,0.07600000000000007
171,363,empty,PL19,E10,2,68.302,0.09200000000000008
172,363,empty,PL19,E11,2,70.476,0.09600000000000009
173,363,empty,PL19,E12,2,69.6135,0.09600000000000009
174,246,empty,PL19,F10,2,62.899499999999996,0.08799999999999963
175,246,empty,PL19,F11,2,69.87,0.09200000000000008
176,246,empty,PL19,F12,2,66.412,0.08800000000000008
177,214,empty,PL19,G10,2,62.2745,0.08800000000000008
178,214,empty,PL19,G11,2,63.454,0.09200000000000008
179,214,empty,PL19,G12,2,63.4475,0.08800000000000008
180,131,empty,PL19,H10,2,82.85399999999998,0.10399999999999965
181,131,empty,PL19,H11,2,78.6705,0.10000000000000009
182,131,empty,PL19,H12,2,82.734,0.08800000000000008
183,250,empty,PL19,A1,3,56.560500000000005,0.08399999999999985
184,250,empty,PL19,A2,3,55.5875,0.08400000000000007
185,250,empty,PL19,A3,3,57.266000000000005,0.08000000000000007
186,299*,empty,PL19,B1,3,73.10650000000001,0.09599999999999964
187,299*,empty,PL19,B2,3,65.0785,0.08800000000000008
188,299*,empty,PL19,B3,3,65.248,0.09200000000000008
189,152,empty,PL19,C1,3,76.56949999999999,0.09600000000000009
190,152,empty,PL19,C2,3,73.51599999999999,0.09200000000000008
191,152,empty,PL19,C3,3,63.9035,0.08400000000000007
192,304,empty,PL19,D1,3,79.825,0.09999999999999964
193,304,empty,PL19,D2,3,78.742,0.09999999999999964
194,304,empty,PL19,D3,3,71.203,0.09200000000000008
195,366,PRM_0366_1,BY4741,A1,4,86.614,0.1080000000000001
196,366,PRM_0366_1,BY4741,A2,4,86.3005,0.1120000000000001
197,366,PRM_0366_1,BY4741,A3,4,73.98949999999999,0.10000000000000009
198,366,PRM_0366_2,BY4741,B1,4,74.499,0.10400000000000009
199,366,PRM_0366_2,BY4741,B2,4,64.4685,0.09600000000000009
200,366,PRM_0366_2,BY4741,B3,4,65.862,0.09599999999999964
201,366,PRM_0366_3,BY4741,C1,4,83.0635,0.1120000000000001
202,366,PRM_0366_3,BY4741,C2,4,69.9775,0.10000000000000009
203,366,PRM_0366_3,BY4741,C3,4,71.4355,0.10000000000000009
204,366,PRM_0366_4,BY4741,D1,4,82.799,0.1120000000000001
205,366,PRM_0366_4,BY4741,D2,4,74.769,0.10400000000000009
206,366,PRM_0366_4,BY4741,D3,4,71.86099999999999,0.10400000000000009
207,61,PRM_0061_3,BY4741,E1,4,9.556,0.020000000000000018
208,61,PRM_0061_3,BY4741,E2,4,7.891000000000002,0.020000000000000018
209,61,PRM_0061_3,BY4741,E3,4,6.890000000000001,0.016000000000000014
210,61,PRM_0061_4,BY4741,F1,4,16.543,0.06400000000000006
211,61,PRM_0061_4,BY4741,F2,4,17.0695,0.07600000000000007
212,61,PRM_0061_4,BY4741,F3,4,14.277000000000001,0.06400000000000006
213,385,PRM_0385_1,BY4741,G1,4,91.9575,0.10799999999999965
214,385,PRM_0385_1,BY4741,G2,4,95.1015,0.11599999999999966
215,385,PRM_0385_1,BY4741,G3,4,93.68450000000001,0.1080000000000001
216,385,PRM_0385_2,BY4741,H1,4,97.1515,0.1160000000000001
217,385,PRM_0385_2,BY4741,H2,4,96.952,0.1160000000000001
218,385,PRM_0385_2,BY4741,H3,4,92.49799999999999,0.1160000000000001
219,385,PRM_0385_3,BY4741,A4,4,97.00850000000001,0.1200000000000001
220,385,PRM_0385_3,BY4741,A5,4,98.48850000000002,0.12400000000000011
221,385,PRM_0385_3,BY4741,A6,4,95.13250000000001,0.1200000000000001
222,385,PRM_0385_4,BY4741,B4,4,88.6605,0.11599999999999966
223,385,PRM_0385_4,BY4741,B5,4,97.35149999999999,0.1160000000000001
224,385,PRM_0385_4,BY4741,B6,4,99.665,0.1160000000000001
225,25,PRM_0025_1,BY4741,C4,4,4.525,0.0040000000000000036
226,25,PRM_0025_1,BY4741,C5,4,6.219,0.008000000000000007
227,25,PRM_0025_1,BY4741,C6,4,5.3345,0.0040000000000000036
228,25,PRM_0025_2,BY4741,D4,4,4.116999999999999,0.0040000000000000036
229,25,PRM_0025_2,BY4741,D5,4,4.7485,0.0040000000000000036
230,25,PRM_0025_2,BY4741,D6,4,4.922000000000001,0.0040000000000000036
231,25,PRM_0025_4,BY4741,E4,4,4.855,0.0040000000000000036
232,25,PRM_0025_4,BY4741,E5,4,5.455,0.0040000000000000036
233,25,PRM_0025_4,BY4741,E6,4,6.822,0.016000000000000014
234,304,PRM_0363_1,BY4741,F4,4,3.982499999999999,0.0040000000000000036
235,304,PRM_0363_1,BY4741,F5,4,4.6610000000000005,0.0040000000000000036
236,304,PRM_0363_1,BY4741,F6,4,5.7595,0.0040000000000000036
237,304,PRM_0363_2,BY4741,G4,4,4.865500000000001,0.0040000000000000036
238,304,PRM_0363_2,BY4741,G5,4,5.473000000000001,0.008000000000000007
239,304,PRM_0363_2,BY4741,G6,4,6.334,0.008000000000000007
240,304,PRM_0363_3,BY4741,H4,4,6.449000000000001,0.008000000000000007
241,304,PRM_0363_3,BY4741,H5,4,6.711,0.0040000000000000036
242,304,PRM_0363_3,BY4741,H6,4,6.5504999999999995,0.0040000000000000036
243,304,PRM_0363_4,BY4741,A7,4,6.4655,0.008000000000000007
244,304,PRM_0363_4,BY4741,A8,4,5.915999999999999,0.0040000000000000036
245,304,PRM_0363_4,BY4741,A9,4,5.215499999999999,0.0040000000000000036
246,363,PRM_0246_2,BY4741,B7,4,5.124000000000001,0.008000000000000007
247,363,PRM_0246_2,BY4741,B8,4,5.987000000000002,0.008000000000000007
248,363,PRM_0246_2,BY4741,B9,4,4.6259999999999994,0.0040000000000000036
249,363,PRM_0246_3,BY4741,C7,4,5.1085,0.0040000000000000036
250,363,PRM_0246_3,BY4741,C8,4,5.872000000000001,0.008000000000000007
251,363,PRM_0246_3,BY4741,C9,4,4.21,0.0040000000000000036
252,363,PRM_0246_4,BY4741,D7,4,5.2795000000000005,0.008000000000000007
253,363,PRM_0246_4,BY4741,D8,4,6.232,0.0119999999999999
254,363,PRM_0246_4,BY4741,D9,4,5.046,0.0040000000000000036
255,246,PRM_0214_1,BY4741,E7,4,5.8155,0.0040000000000000036
256,246,PRM_0214_1,BY4741,E8,4,6.196,0.008000000000000007
257,246,PRM_0214_1,BY4741,E9,4,4.659000000000001,0.0040000000000000036
258,246,PRM_0214_2,BY4741,F7,4,6.039,0.0040000000000000036
259,246,PRM_0214_2,BY4741,F8,4,5.250500000000001,0.0040000000000000036
260,246,PRM_0214_2,BY4741,F9,4,4.2295,0.0040000000000000036
261,246,PRM_0214_3,BY4741,G7,4,7.894,0.01200000000000001
262,246,PRM_0214_3,BY4741,G8,4,6.709000000000001,0.01200000000000001
263,246,PRM_0214_3,BY4741,G9,4,5.370000000000001,0.01200000000000001
264,246,PRM_0214_4,BY4741,H7,4,7.4155,0.0040000000000000036
265,246,PRM_0214_4,BY4741,H8,4,6.009500000000001,0.0040000000000000036
266,246,PRM_0214_4,BY4741,H9,4,6.0295000000000005,0.0040000000000000036
267,246,PRM_0214_5,BY4741,A10,4,6.5329999999999995,0.01200000000000001
268,246,PRM_0214_5,BY4741,A11,4,7.151,0.008000000000000007
269,246,PRM_0214_5,BY4741,A12,4,9.9345,0.020000000000000018
270,246,PRM_0214_6,BY4741,B10,4,5.354500000000001,0.0040000000000000036
271,246,PRM_0214_6,BY4741,B11,4,5.447,0.008000000000000007
272,246,PRM_0214_6,BY4741,B12,4,7.006500000000001,0.0040000000000000036
273,246,PRM_0214_7,BY4741,C10,4,6.317000000000001,0.008000000000000007
274,246,PRM_0214_7,BY4741,C11,4,5.689500000000001,0.0040000000000000036
275,246,PRM_0214_7,BY4741,C12,4,7.846500000000001,0.008000000000000007
276,214,PRM_0131_2,BY4741,D10,4,6.115000000000001,0.008000000000000007
277,214,PRM_0131_2,BY4741,D11,4,6.809999999999999,0.01200000000000001
278,214,PRM_0131_2,BY4741,D12,4,8.730500000000003,0.020000000000000018
279,214,PRM_0131_3,BY4741,E10,4,8.277500000000002,0.01200000000000001
280,214,PRM_0131_3,BY4741,E11,4,6.643999999999998,0.01200000000000001
281,214,PRM_0131_3,BY4741,E12,4,7.4140000000000015,0.01200000000000001
282,131,PRM_0250_1,BY4741,F10,4,9.729500000000002,0.02400000000000002
283,131,PRM_0250_1,BY4741,F11,4,9.284500000000001,0.020000000000000018
284,131,PRM_0250_1,BY4741,F12,4,16.1785,0.04800000000000004
285,131,PRM_0250_2,BY4741,G10,4,10.141,0.028000000000000025
286,131,PRM_0250_2,BY4741,G11,4,14.165000000000001,0.052000000000000046
287,131,PRM_0250_2,BY4741,G12,4,14.403,0.05600000000000005
288,131,PRM_0250_3,BY4741,H10,4,18.7465,0.05600000000000005
289,131,PRM_0250_3,BY4741,H11,4,15.692000000000002,0.04800000000000004
290,131,PRM_0250_3,BY4741,H12,4,20.1265,0.052000000000000046
291,131,PRM_0250_4,BY4741,A1,5,5.335999999999999,0.008000000000000007
292,131,PRM_0250_4,BY4741,A2,5,5.1455,0.008000000000000007
293,131,PRM_0250_4,BY4741,A3,5,5.579500000000001,0.01200000000000001
294,299,PRM_0299_1,BY4741,B1,5,5.849500000000001,0.0040000000000000036
295,299,PRM_0299_1,BY4741,B2,5,3.892499999999999,0.0040000000000000036
296,299,PRM_0299_1,BY4741,B3,5,3.816499999999999,0.0040000000000000036
297,299,PRM_0299_3,BY4741,C1,5,5.537999999999999,0.0040000000000000036
298,299,PRM_0299_3,BY4741,C2,5,4.522,0.008000000000000007
299,299,PRM_0299_3,BY4741,C3,5,5.511999999999999,0.008000000000000007
300,299,PRM_0299_4,BY4741,D1,5,5.593999999999999,0.0040000000000000036
301,299,PRM_0299_4,BY4741,D2,5,4.2494999999999985,0.0040000000000000036
302,299,PRM_0299_4,BY4741,D3,5,5.2545,0.0040000000000000036
303,299,PRM_0299_5,BY4741,E1,5,16.738,0.05600000000000005
304,299,PRM_0299_5,BY4741,E2,5,22.090500000000002,0.08400000000000007
305,299,PRM_0299_5,BY4741,E3,5,25.514,0.09200000000000008
306,299,PRM_0299_6,BY4741,F1,5,5.8395,0.0040000000000000036
307,299,PRM_0299_6,BY4741,F2,5,5.329,0.008000000000000007
308,299,PRM_0299_6,BY4741,F3,5,6.862500000000001,0.01200000000000001
309,152,PRM_0152_1,BY4741,G1,5,69.5085,0.10799999999999965
310,152,PRM_0152_1,BY4741,G2,5,60.041000000000004,0.09200000000000008
311,152,PRM_0152_1,BY4741,G3,5,59.722500000000004,0.09600000000000009
312,152,PRM_0152_2,BY4741,H1,5,37.80200000000001,0.07600000000000007
313,152,PRM_0152_2,BY4741,H2,5,26.624,0.07200000000000006
314,152,PRM_0152_2,BY4741,H3,5,24.192500000000003,0.06400000000000006
315,152,PRM_0152_3,BY4741,A4,5,40.8615,0.08000000000000007
316,152,PRM_0152_3,BY4741,A5,5,40.422999999999995,0.07599999999999962
317,152,PRM_0152_3,BY4741,A6,5,46.248999999999995,0.09200000000000008
318,152,PRM_0152_4,BY4741,B4,5,66.42399999999999,0.10000000000000009
319,152,PRM_0152_4,BY4741,B5,5,73.2185,0.10400000000000009
320,152,PRM_0152_4,BY4741,B6,5,67.7525,0.10000000000000009
321,250,PRM_0304_1,BY4741,C4,5,5.667999999999998,0.016000000000000014
322,250,PRM_0304_1,BY4741,C5,5,5.176999999999999,0.008000000000000007
323,250,PRM_0304_1,BY4741,C6,5,4.8355,0.0040000000000000036
324,250,PRM_0304_3,BY4741,D4,5,6.5554999999999986,0.020000000000000018
325,250,PRM_0304_3,BY4741,D5,5,4.539000000000001,0.0040000000000000036
326,250,PRM_0304_3,BY4741,D6,5,4.401499999999999,0.0040000000000000036
327,250,PRM_0304_4,BY4741,E4,5,4.6265,0.0040000000000000036
328,250,PRM_0304_4,BY4741,E5,5,5.4384999999999994,0.0040000000000000036
329,250,PRM_0304_4,BY4741,E6,5,4.533999999999999,0.0040000000000000036
330,250,PRM_0304_5,BY4741,F4,5,4.436000000000001,0.0040000000000000036
331,250,PRM_0304_5,BY4741,F5,5,4.5085,0.0040000000000000036
332,250,PRM_0304_5,BY4741,F6,5,4.140999999999999,0.0040000000000000036
333,250,PRM_0304_7,BY4741,G4,5,4.5600000000000005,0.0040000000000000036
334,250,PRM_0304_7,BY4741,G5,5,4.4914999999999985,0.0040000000000000036
335,250,PRM_0304_7,BY4741,G6,5,5.034999999999999,0.0040000000000000036
336,empty,empty,BY4741,H4,5,5.797999999999998,0.0040000000000000036
337,empty,empty,BY4741,H5,5,5.871499999999999,0.0040000000000000036
338,empty,empty,BY4741,H6,5,6.7575,0.0040000000000000036
339,25,empty,BY4741,A7,5,5.804000000000001,0.008000000000000007
340,25,empty,BY4741,A8,5,5.872499999999999,0.008000000000000007
341,25,empty,BY4741,A9,5,5.298499999999999,0.008000000000000007
342,61,empty,BY4741,B7,5,5.3765,0.01200000000000001
343,61,empty,BY4741,B8,5,10.631,0.04800000000000004
344,61,empty,BY4741,B9,5,5.356500000000001,0.008000000000000007
345,131,empty,BY4741,C7,5,29.343499999999995,0.08000000000000007
346,131,empty,BY4741,C8,5,35.0235,0.08400000000000007
347,131,empty,BY4741,C9,5,22.195500000000003,0.06800000000000006
348,152,empty,BY4741,D7,5,7.963499999999999,0.020000000000000018
349,152,empty,BY4741,D8,5,10.847500000000002,0.039999999999999813
350,152,empty,BY4741,D9,5,9.491000000000001,0.028000000000000025
351,214,empty,BY4741,E7,5,7.280500000000002,0.016000000000000014
352,214,empty,BY4741,E8,5,6.905500000000002,0.016000000000000014
353,214,empty,BY4741,E9,5,6.644000000000002,0.016000000000000014
354,246,empty,BY4741,F7,5,7.508499999999999,0.02400000000000002
355,246,empty,BY4741,F8,5,8.432000000000002,0.028000000000000025
356,246,empty,BY4741,F9,5,9.502000000000002,0.03200000000000003
357,250,empty,BY4741,G7,5,6.318500000000002,0.008000000000000007
358,250,empty,BY4741,G8,5,8.2135,0.0239999999999998
359,250,empty,BY4741,G9,5,7.0005000000000015,0.020000000000000018
360,299*,empty,BY4741,H7,5,12.553999999999998,0.040000000000000036
361,299*,empty,BY4741,H8,5,11.001999999999997,0.03600000000000003
362,299*,empty,BY4741,H9,5,9.252000000000002,0.02400000000000002
363,304,empty,BY4741,A10,5,7.693499999999999,0.028000000000000025
364,304,empty,BY4741,A11,5,8.9995,0.03600000000000003
365,304,empty,BY4741,A12,5,10.112,0.03600000000000003
366,363,empty,BY4741,B10,5,7.624000000000001,0.020000000000000018
367,363,empty,BY4741,B11,5,7.301499999999999,0.0239999999999998
368,363,empty,BY4741,B12,5,8.3675,0.028000000000000025
369,366,empty,BY4741,C10,5,6.044499999999999,0.008000000000000007
370,366,empty,BY4741,C11,5,6.896999999999999,0.020000000000000018
371,366,empty,BY4741,C12,5,9.095500000000001,0.028000000000000025
372,385,empty,BY4741,D10,5,11.690999999999999,0.04400000000000004
373,385,empty,BY4741,D11,5,13.863500000000002,0.052000000000000046
374,385,empty,BY4741,D12,5,10.7985,0.040000000000000036
375,empty,PRM_0366_1,BY4741,E10,5,3.866999999999999,0.0040000000000000036
376,empty,PRM_0366_1,BY4741,E11,5,4.7145,0.0040000000000000036
377,empty,PRM_0366_1,BY4741,E12,5,4.7414999999999985,0.0040000000000000036
378,empty,PRM_0366_2,BY4741,F10,5,4.291,0.0040000000000000036
379,empty,PRM_0366_2,BY4741,F11,5,4.440999999999999,0.0040000000000000036
380,empty,PRM_0366_2,BY4741,F12,5,5.155999999999999,0.0040000000000000036
381,empty,PRM_0366_3,BY4741,G10,5,5.404,0.0040000000000000036
382,empty,PRM_0366_3,BY4741,G11,5,5.6610000000000005,0.0040000000000000036
383,empty,PRM_0366_3,BY4741,G12,5,5.031999999999999,0.0040000000000000036
384,empty,PRM_0366_4,BY4741,H10,5,5.3215,0.0040000000000000036
385,empty,PRM_0366_4,BY4741,H11,5,5.9190000000000005,0.0040000000000000036
386,empty,PRM_0366_4,BY4741,H12,5,6.2485,0.0040000000000000036
387,empty,PRM_0061_1,BY4741,A1,6,5.894500000000001,0.0040000000000000036
388,empty,PRM_0061_1,BY4741,A2,6,5.810499999999999,0.0040000000000000036
389,empty,PRM_0061_1,BY4741,A3,6,6.230999999999999,0.0040000000000000036
390,empty,PRM_0061_2,BY4741,B1,6,6.649,0.0040000000000000036
391,empty,PRM_0061_2,BY4741,B2,6,6.264,0.0040000000000000036
392,empty,PRM_0061_2,BY4741,B3,6,5.823499999999999,0.0040000000000000036
393,empty,PRM_0061_3,BY4741,C1,6,5.867999999999999,0.0040000000000000036
394,empty,PRM_0061_3,BY4741,C2,6,5.59,0.0040000000000000036
395,empty,PRM_0061_3,BY4741,C3,6,5.4115,0.0040000000000000036
396,empty,PRM_0061_4,BY4741,D1,6,5.0695,0.0040000000000000036
397,empty,PRM_0061_4,BY4741,D2,6,4.898,0.0040000000000000036
398,empty,PRM_0061_4,BY4741,D3,6,4.532500000000001,0.0040000000000000036
399,empty,PRM_0385_1,BY4741,E1,6,6.7725,0.008000000000000007
400,empty,PRM_0385_1,BY4741,E2,6,5.7065,0.0040000000000000036
401,empty,PRM_0385_1,BY4741,E3,6,5.2945,0.0040000000000000036
402,empty,PRM_0385_2,BY4741,F1,6,5.622000000000001,0.0040000000000000036
403,empty,PRM_0385_2,BY4741,F2,6,5.1465,0.0040000000000000036
404,empty,PRM_0385_2,BY4741,F3,6,5.2135,0.0040000000000000036
405,empty,PRM_0385_3,BY4741,G1,6,6.346,0.0040000000000000036
406,empty,PRM_0385_3,BY4741,G2,6,5.372,0.008000000000000007
407,empty,PRM_0385_3,BY4741,G3,6,4.6165,0.0040000000000000036
408,empty,PRM_0385_4,BY4741,H1,6,6.301,0.0040000000000000036
409,empty,PRM_0385_4,BY4741,H2,6,6.2145,0.008000000000000007
410,empty,PRM_0385_4,BY4741,H3,6,6.186999999999999,0.0040000000000000036
411,empty,PRM_0025_2,BY4741,A4,6,6.2515,0.0040000000000000036
412,empty,PRM_0025_2,BY4741,A5,6,5.821000000000001,0.0040000000000000036
413,empty,PRM_0025_2,BY4741,A6,6,6.201499999999999,0.0040000000000000036
414,empty,PRM_0025_4,BY4741,B4,6,5.0135000000000005,0.0040000000000000036
415,empty,PRM_0025_4,BY4741,B5,6,4.745500000000001,0.0040000000000000036
416,empty,PRM_0025_4,BY4741,B6,6,4.773000000000001,0.0040000000000000036
417,empty,PRM_0363_1,BY4741,C4,6,5.0585,0.0040000000000000036
418,empty,PRM_0363_1,BY4741,C5,6,4.948500000000001,0.0040000000000000036
419,empty,PRM_0363_1,BY4741,C6,6,4.508999999999999,0.0040000000000000036
420,empty,PRM_0363_2,BY4741,D4,6,5.1875,0.0040000000000000036
421,empty,PRM_0363_2,BY4741,D5,6,4.5165,0.0040000000000000036
422,empty,PRM_0363_2,BY4741,D6,6,4.6869999999999985,0.0040000000000000036
423,empty,PRM_0363_3,BY4741,E4,6,4.113499999999998,0.0040000000000000036
424,empty,PRM_0363_3,BY4741,E5,6,4.7895,0.0040000000000000036
425,empty,PRM_0363_3,BY4741,E6,6,4.525,0.008000000000000007
426,empty,PRM_0363_4,BY4741,F4,6,4.8955,0.008000000000000007
427,empty,PRM_0363_4,BY4741,F5,6,4.6145000000000005,0.0040000000000000036
428,empty,PRM_0363_4,BY4741,F6,6,4.085499999999999,0.01200000000000001
429,empty,PRM_0246_1,BY4741,G4,6,5.4025,0.008000000000000007
430,empty,PRM_0246_1,BY4741,G5,6,5.4345,0.0040000000000000036
431,empty,PRM_0246_1,BY4741,G6,6,4.920000000000001,0.008000000000000007
432,empty,PRM_0246_2,BY4741,H4,6,5.150500000000001,0.0040000000000000036
433,empty,PRM_0246_2,BY4741,H5,6,5.553,0.0040000000000000036
434,empty,PRM_0246_2,BY4741,H6,6,5.248499999999999,0.0040000000000000036
435,empty,PRM_0246_3,BY4741,A7,6,6.93,0.0040000000000000036
436,empty,PRM_0246_3,BY4741,A8,6,7.5,0.0040000000000000036
437,empty,PRM_0246_3,BY4741,A9,6,5.620500000000001,0.0040000000000000036
438,empty,PRM_0246_4,BY4741,B7,6,4.8965,0.0040000000000000036
439,empty,PRM_0246_4,BY4741,B8,6,3.9589999999999987,0.0040000000000000036
440,empty,PRM_0246_4,BY4741,B9,6,4.817500000000001,0.0040000000000000036
441,empty,PRM_0214_1,BY4741,C7,6,5.4765,0.0040000000000000036
442,empty,PRM_0214_1,BY4741,C8,6,6.110499999999999,0.0040000000000000036
443,empty,PRM_0214_1,BY4741,C9,6,4.470000000000001,0.0040000000000000036
444,empty,PRM_0214_2,BY4741,D7,6,4.035500000000001,0.007999999999999952
445,empty,PRM_0214_2,BY4741,D8,6,2.9745,0.0040000000000000036
446,empty,PRM_0214_2,BY4741,D9,6,4.57,0.0040000000000000036
447,empty,PRM_0214_3,BY4741,E7,6,4.6425,0.008000000000000007
448,empty,PRM_0214_3,BY4741,E8,6,2.9795,0.0040000000000000036
449,empty,PRM_0214_3,BY4741,E9,6,5.961499999999999,0.0040000000000000036
450,empty,PRM_0214_4,BY4741,F7,6,4.4595,0.0040000000000000036
451,empty,PRM_0214_4,BY4741,F8,6,5.2455,0.0040000000000000036
452,empty,PRM_0214_4,BY4741,F9,6,4.8475,0.0040000000000000036
453,empty,PRM_0214_5,BY4741,G7,6,5.594000000000001,0.008000000000000007
454,empty,PRM_0214_5,BY4741,G8,6,5.5760000000000005,0.0040000000000000036
455,empty,PRM_0214_5,BY4741,G9,6,5.6754999999999995,0.0040000000000000036
456,empty,PRM_0214_6,BY4741,H7,6,7.6955,0.0040000000000000036
457,empty,PRM_0214_6,BY4741,H8,6,5.668500000000002,0.0040000000000000036
458,empty,PRM_0214_6,BY4741,H9,6,6.297499999999999,0.0040000000000000036
459,empty,PRM_0214_7,BY4741,A10,6,7.2379999999999995,0.0040000000000000036
460,empty,PRM_0214_7,BY4741,A11,6,5.417999999999999,0.0040000000000000036
461,empty,PRM_0214_7,BY4741,A12,6,5.8795,0.0040000000000000036
462,empty,PRM_0131_1,BY4741,B10,6,5.7055,0.0040000000000000036
463,empty,PRM_0131_1,BY4741,B11,6,5.0555,0.0040000000000000036
464,empty,PRM_0131_1,BY4741,B12,6,5.551499999999999,0.0040000000000000036
465,empty,PRM_0131_2,BY4741,C10,6,4.8155,0.0040000000000000036
466,empty,PRM_0131_2,BY4741,C11,6,5.571999999999999,0.0040000000000000036
467,empty,PRM_0131_2,BY4741,C12,6,5.109999999999999,0.0040000000000000036
468,empty,PRM_0131_3,BY4741,D10,6,3.5785,0.0040000000000000036
469,empty,PRM_0131_3,BY4741,D11,6,5.629,0.0040000000000000036
470,empty,PRM_0131_3,BY4741,D12,6,6.719000000000001,0.0040000000000000036
471,empty,PRM_0131_4,BY4741,E10,6,3.2135,0.008000000000000007
472,empty,PRM_0131_4,BY4741,E11,6,6.013999999999999,0.0040000000000000036
473,empty,PRM_0131_4,BY4741,E12,6,6.890500000000001,0.0040000000000000036
474,empty,PRM_0250_1,BY4741,F10,6,2.1555,0.0040000000000000036
475,empty,PRM_0250_1,BY4741,F11,6,5.3125,0.0040000000000000036
476,empty,PRM_0250_1,BY4741,F12,6,8.001000000000001,0.0040000000000000036
477,empty,PRM_0250_2,BY4741,G10,6,3.8674999999999993,0.008000000000000007
478,empty,PRM_0250_2,BY4741,G11,6,6.3585,0.0040000000000000036
479,empty,PRM_0250_2,BY4741,G12,6,6.6339999999999995,0.0040000000000000036
480,empty,PRM_0250_3,BY4741,H10,6,6.324,0.0040000000000000036
481,empty,PRM_0250_3,BY4741,H11,6,6.497,0.0040000000000000036
482,empty,PRM_0250_3,BY4741,H12,6,6.0075,0.0040000000000000036
483,empty,PRM_0250_4,BY4741,A1,7,3.4895,0.0040000000000000036
484,empty,PRM_0250_4,BY4741,A2,7,5.6615,0.0040000000000000036
485,empty,PRM_0250_4,BY4741,A3,7,5.1475,0.0040000000000000036
486,empty,PRM_0299_1,BY4741,B1,7,5.4615,0.0040000000000000036
487,empty,PRM_0299_1,BY4741,B2,7,5.2805,0.0040000000000000036
488,empty,PRM_0299_1,BY4741,B3,7,22.649499999999996,0.020000000000000018
489,empty,PRM_0299_2,BY4741,C1,7,6.077499999999999,0.0040000000000000036
490,empty,PRM_0299_2,BY4741,C2,7,5.5760000000000005,0.0040000000000000036
491,empty,PRM_0299_2,BY4741,C3,7,5.9755,0.0040000000000000036
492,empty,PRM_0299_3,BY4741,D1,7,5.964,0.0040000000000000036
493,empty,PRM_0299_3,BY4741,D2,7,5.9175,0.0040000000000000036
494,empty,PRM_0299_3,BY4741,D3,7,6.0185,0.0040000000000000036
495,empty,PRM_0299_4,BY4741,E1,7,5.125499999999999,0.0040000000000000036
496,empty,PRM_0299_4,BY4741,E2,7,4.8905,0.0040000000000000036
497,empty,PRM_0299_4,BY4741,E3,7,5.525499999999999,0.0040000000000000036
498,empty,PRM_0299_5,BY4741,F1,7,6.031500000000001,0.0040000000000000036
499,empty,PRM_0299_5,BY4741,F2,7,6.034000000000001,0.0040000000000000036
500,empty,PRM_0299_5,BY4741,F3,7,6.1395,0.0040000000000000036
501,empty,PRM_0299_6,BY4741,G1,7,5.669500000000001,0.0040000000000000036
502,empty,PRM_0299_6,BY4741,G2,7,5.043,0.0040000000000000036
503,empty,PRM_0299_6,BY4741,G3,7,6.2555000000000005,0.0040000000000000036
504,empty,PRM_0152_1,BY4741,H1,7,6.702500000000001,0.0040000000000000036
505,empty,PRM_0152_1,BY4741,H2,7,4.9769999999999985,0.0040000000000000036
506,empty,PRM_0152_1,BY4741,H3,7,6.066500000000001,0.0040000000000000036
507,empty,PRM_0152_2,BY4741,A4,7,6.026999999999999,0.039999999999999925
508,empty,PRM_0152_2,BY4741,A5,7,6.760000000000001,0.0040000000000000036
509,empty,PRM_0152_2,BY4741,A6,7,5.167499999999999,0.0040000000000000036
510,empty,PRM_0152_3,BY4741,B4,7,4.344499999999999,0.0040000000000000036
511,empty,PRM_0152_3,BY4741,B5,7,4.8805000000000005,0.0040000000000000036
512,empty,PRM_0152_3,BY4741,B6,7,5.185,0.0040000000000000036
513,empty,PRM_0152_4,BY4741,C4,7,5.231,0.0040000000000000036
514,empty,PRM_0152_4,BY4741,C5,7,5.567,0.0040000000000000036
515,empty,PRM_0152_4,BY4741,C6,7,5.567500000000001,0.0040000000000000036
516,empty,PRM_0304_1,BY4741,D4,7,5.4605,0.0040000000000000036
517,empty,PRM_0304_1,BY4741,D5,7,5.470000000000001,0.0040000000000000036
518,empty,PRM_0304_1,BY4741,D6,7,4.568,0.0040000000000000036
519,empty,PRM_0304_2,BY4741,E4,7,4.41,0.0040000000000000036
520,empty,PRM_0304_2,BY4741,E5,7,4.927999999999999,0.0040000000000000036
521,empty,PRM_0304_2,BY4741,E6,7,4.987,0.0040000000000000036
522,empty,PRM_0304_3,BY4741,F4,7,4.722,0.0040000000000000036
523,empty,PRM_0304_3,BY4741,F5,7,4.681500000000001,0.0040000000000000036
524,empty,PRM_0304_3,BY4741,F6,7,5.415000000000001,0.0040000000000000036
525,empty,PRM_0304_4,BY4741,G4,7,5.463500000000001,0.0040000000000000036
526,empty,PRM_0304_4,BY4741,G5,7,5.099500000000001,0.0040000000000000036
527,empty,PRM_0304_4,BY4741,G6,7,4.639500000000001,0.0040000000000000036
528,empty,PRM_0304_5,BY4741,H4,7,5.9935,0.0040000000000000036
529,empty,PRM_0304_5,BY4741,H5,7,5.5015,0.0040000000000000036
530,empty,PRM_0304_5,BY4741,H6,7,6.875000000000002,0.0040000000000000036
531,empty,PRM_0304_6,BY4741,A7,7,5.876000000000001,0.0040000000000000036
532,empty,PRM_0304_6,BY4741,A8,7,7.407,0.0040000000000000036
533,empty,PRM_0304_6,BY4741,A9,7,6.5905,0.0040000000000000036
534,empty,PRM_0304_7,BY4741,B7,7,5.033000000000001,0.0040000000000000036
535,empty,PRM_0304_7,BY4741,B8,7,5.756499999999999,0.0040000000000000036
536,empty,PRM_0304_7,BY4741,B9,7,4.525,0.0040000000000000036
537,363,PRM_0363_1,BY4741,C7,7,64.233,0.10400000000000009
538,363,PRM_0363_1,BY4741,C8,7,70.5275,0.10400000000000009
539,363,PRM_0363_1,BY4741,C9,7,56.62349999999999,0.09600000000000009
540,363,PRM_0363_2,BY4741,D7,7,75.91149999999999,0.1080000000000001
541,363,PRM_0363_2,BY4741,D8,7,77.5,0.1080000000000001
542,363,PRM_0363_2,BY4741,D9,7,79.39450000000001,0.1120000000000001
543,363,PRM_0363_3,BY4741,E7,7,74.1365,0.1080000000000001
544,363,PRM_0363_3,BY4741,E8,7,78.2995,0.1080000000000001
545,363,PRM_0363_3,BY4741,E9,7,71.62650000000001,0.10400000000000009
546,363,PRM_0363_4,BY4741,F7,7,5.2115,0.0040000000000000036
547,363,PRM_0363_4,BY4741,F8,7,5.821499999999999,0.0040000000000000036
548,363,PRM_0363_4,BY4741,F9,7,6.377,0.0040000000000000036
549,246,PRM_0246_1,BY4741,G7,7,22.0325,0.06800000000000006
550,246,PRM_0246_1,BY4741,G8,7,33.744,0.08400000000000007
551,246,PRM_0246_1,BY4741,G9,7,28.592499999999998,0.06400000000000006
552,246,PRM_0246_2,BY4741,H7,7,33.201,0.06800000000000006
553,246,PRM_0246_2,BY4741,H8,7,44.246,0.08400000000000007
554,246,PRM_0246_2,BY4741,H9,7,35.2915,0.07600000000000007
555,246,PRM_0246_3,BY4741,A10,7,28.804000000000006,0.07199999999999962
556,246,PRM_0246_3,BY4741,A11,7,25.601,0.06799999999999962
557,246,PRM_0246_3,BY4741,A12,7,33.12799999999999,0.08000000000000007
558,246,PRM_0246_4,BY4741,B10,7,59.00850000000001,0.10000000000000009
559,246,PRM_0246_4,BY4741,B11,7,53.992999999999995,0.09600000000000009
560,246,PRM_0246_4,BY4741,B12,7,60.0245,0.09600000000000009
561,214,PRM_0214_1,BY4741,C10,7,9.091999999999999,0.02400000000000002
562,214,PRM_0214_1,BY4741,C11,7,12.498499999999998,0.04800000000000004
563,214,PRM_0214_1,BY4741,C12,7,12.8205,0.040000000000000036
564,214,PRM_0214_2,BY4741,D10,7,6.719000000000002,0.008000000000000007
565,214,PRM_0214_2,BY4741,D11,7,5.654000000000002,0.008000000000000007
566,214,PRM_0214_2,BY4741,D12,7,6.256499999999999,0.008000000000000007
567,214,PRM_0214_3,BY4741,E10,7,11.343,0.03600000000000003
568,214,PRM_0214_3,BY4741,E11,7,11.358,0.039999999999999813
569,214,PRM_0214_3,BY4741,E12,7,9.094,0.020000000000000018
570,214,PRM_0214_4,BY4741,F10,7,11.479000000000003,0.03600000000000003
571,214,PRM_0214_4,BY4741,F11,7,10.707,0.028000000000000025
572,214,PRM_0214_4,BY4741,F12,7,13.7625,0.052000000000000046
573,214,PRM_0214_5,BY4741,G10,7,7.602000000000002,0.011999999999999955
574,214,PRM_0214_5,BY4741,G11,7,7.011500000000001,0.008000000000000007
575,214,PRM_0214_5,BY4741,G12,7,7.774000000000001,0.008000000000000007
576,214,PRM_0214_6,BY4741,H10,7,11.5925,0.028000000000000025
577,214,PRM_0214_6,BY4741,H11,7,8.076,0.008000000000000007
578,214,PRM_0214_6,BY4741,H12,7,6.685999999999999,0.008000000000000007
579,214,PRM_0214_7,BY4741,A1,8,6.190500000000001,0.0040000000000000036
580,214,PRM_0214_7,BY4741,A2,8,7.1265,0.008000000000000007
581,214,PRM_0214_7,BY4741,A3,8,5.6035,0.0040000000000000036
582,131,PRM_0131_1,BY4741,B1,8,20.707500000000003,0.06399999999999961
583,131,PRM_0131_1,BY4741,B2,8,13.866,0.04800000000000004
584,131,PRM_0131_1,BY4741,B3,8,21.632,0.06800000000000006
585,131,PRM_0131_2,BY4741,C1,8,19.7365,0.055999999999999606
586,131,PRM_0131_2,BY4741,C2,8,22.2775,0.06400000000000006
587,131,PRM_0131_2,BY4741,C3,8,24.5155,0.08800000000000008
588,131,PRM_0131_3,BY4741,D1,8,30.394000000000002,0.07200000000000006
589,131,PRM_0131_3,BY4741,D2,8,22.352,0.07200000000000006
590,131,PRM_0131_3,BY4741,D3,8,32.1335,0.07600000000000007
591,131,PRM_0131_4,BY4741,E1,8,14.177999999999997,0.06400000000000006
592,131,PRM_0131_4,BY4741,E2,8,15.472500000000002,0.052000000000000046
593,131,PRM_0131_4,BY4741,E3,8,18.103,0.07600000000000007
594,250,PRM_0250_1,BY4741,F1,8,34.444500000000005,0.07999999999999985
595,250,PRM_0250_1,BY4741,F2,8,43.926,0.08400000000000007
596,250,PRM_0250_1,BY4741,F3,8,39.804,0.08000000000000007
597,250,PRM_0250_2,BY4741,G1,8,39.817,0.08400000000000007
598,250,PRM_0250_2,BY4741,G2,8,47.309999999999995,0.08800000000000008
599,250,PRM_0250_2,BY4741,G3,8,45.85049999999999,0.08800000000000008
600,250,PRM_0250_3,BY4741,H1,8,5.923499999999999,0.0040000000000000036
601,250,PRM_0250_3,BY4741,H2,8,7.127000000000001,0.0040000000000000036
602,250,PRM_0250_3,BY4741,H3,8,6.5935000000000015,0.008000000000000007
603,250,PRM_0250_4,BY4741,A4,8,6.544000000000001,0.01200000000000001
604,250,PRM_0250_4,BY4741,A5,8,6.468499999999999,0.01200000000000001
605,250,PRM_0250_4,BY4741,A6,8,8.560000000000002,0.020000000000000018
606,304,PRM_0304_1,BY4741,B4,8,6.900999999999999,0.016000000000000014
607,304,PRM_0304_1,BY4741,B5,8,7.905000000000001,0.020000000000000018
608,304,PRM_0304_1,BY4741,B6,8,8.5735,0.028000000000000025
609,304,PRM_0304_2,BY4741,C4,8,6.6065000000000005,0.01200000000000001
610,304,PRM_0304_2,BY4741,C5,8,6.057000000000001,0.008000000000000007
611,304,PRM_0304_2,BY4741,C6,8,8.282500000000002,0.02400000000000002
612,304,PRM_0304_3,BY4741,D4,8,41.158,0.08400000000000007
613,304,PRM_0304_3,BY4741,D5,8,30.2345,0.06800000000000006
614,304,PRM_0304_3,BY4741,D6,8,28.892999999999997,0.06000000000000005
615,304,PRM_0304_4,BY4741,E4,8,4.452499999999999,0.0040000000000000036
616,304,PRM_0304_4,BY4741,E5,8,5.98,0.008000000000000007
617,304,PRM_0304_4,BY4741,E6,8,4.608999999999999,0.0040000000000000036
618,304,PRM_0304_5,BY4741,F4,8,7.255000000000001,0.020000000000000018
619,304,PRM_0304_5,BY4741,F5,8,12.497500000000002,0.04400000000000004
620,304,PRM_0304_5,BY4741,F6,8,9.569500000000001,0.03200000000000003
621,304,PRM_0304_6,BY4741,G4,8,8.961500000000001,0.02400000000000002
622,304,PRM_0304_6,BY4741,G5,8,8.441000000000003,0.02400000000000002
623,304,PRM_0304_6,BY4741,G6,8,7.871499999999999,0.020000000000000018
624,304,PRM_0304_7,BY4741,H4,8,6.729000000000001,0.008000000000000007
625,304,PRM_0304_7,BY4741,H5,8,5.980500000000002,0.008000000000000007
626,304,PRM_0304_7,BY4741,H6,8,7.294500000000001,0.008000000000000007
627,SH3,sh31,BY4741,A7,8,94.882,0.12399999999999967
628,SH3,sh31,BY4741,A8,8,88.185,0.1160000000000001
629,SH3,sh31,BY4741,A9,8,90.9475,0.1160000000000001
630,empty,PRM_0385_3,PL17,B7,8,35.326,0.08799999999999963
631,empty,PRM_0385_3,PL17,B8,8,32.7625,0.07600000000000007
632,empty,PRM_0385_3,PL17,B9,8,38.79200000000001,0.08000000000000007
633,empty,empty,PL17,C7,8,46.340999999999994,0.08800000000000008
634,empty,empty,PL17,C8,8,46.2605,0.09600000000000009
635,empty,empty,PL17,C9,8,50.33500000000001,0.09200000000000008
636,empty,empty,PL19,D7,8,35.549499999999995,0.07600000000000007
637,empty,empty,PL19,D8,8,34.4005,0.07599999999999962
638,empty,empty,PL19,D9,8,41.313500000000005,0.07200000000000006
639,299,empty,PL19,A1,9,72.449,0.09600000000000009
640,299,empty,PL19,A2,9,72.82049999999998,0.09200000000000008
641,299,empty,PL19,A3,9,73.74549999999998,0.10000000000000009
642,363,PRM_0363_4,BY4741,B1,9,45.6905,0.08799999999999963
643,363,PRM_0363_4,BY4741,B2,9,48.757,0.08400000000000007
644,363,PRM_0363_4,BY4741,B3,9,46.04749999999999,0.08399999999999963
645,299,PRM_0299_1,BY4741,D1,9,6.468500000000001,0.016000000000000014
646,299,PRM_0299_1,BY4741,D2,9,6.670999999999999,0.016000000000000014
647,299,PRM_0299_1,BY4741,D3,9,6.107000000000001,0.01200000000000001
648,299,PRM_0299_2,BY4741,E1,9,6.736499999999999,0.01200000000000001
649,299,PRM_0299_2,BY4741,E2,9,6.6579999999999995,0.016000000000000014
650,299,PRM_0299_2,BY4741,E3,9,7.379999999999999,0.02400000000000002
651,299,PRM_0299_3,BY4741,F1,9,6.5329999999999995,0.01200000000000001
652,299,PRM_0299_3,BY4741,F2,9,7.52,0.02400000000000002
653,299,PRM_0299_3,BY4741,F3,9,8.6535,0.03200000000000003
654,299,PRM_0299_4,BY4741,G1,9,6.9505,0.008000000000000007
655,299,PRM_0299_4,BY4741,G2,9,4.797,0.0040000000000000036
656,299,PRM_0299_4,BY4741,G3,9,5.386000000000001,0.0040000000000000036
657,299,PRM_0299_5,BY4741,H1,9,54.9835,0.08800000000000008
658,299,PRM_0299_5,BY4741,H2,9,54.94349999999999,0.08000000000000007
659,299,PRM_0299_5,BY4741,H3,9,51.411,0.08399999999999963
660,299,PRM_0299_6,BY4741,A4,9,13.799999999999999,0.06000000000000005
661,299,PRM_0299_6,BY4741,A5,9,15.373,0.06000000000000005
662,299,PRM_0299_6,BY4741,A6,9,11.020499999999998,0.03200000000000014
