name,dna_seq,aa_seq
pdz.1,GGTGTTAAAGAATCTCTAGTT,GVKESLV
pdz.2,GGTGTGAAGCAATCTCTGTTG,GVKQSLL
sh3.1,CCTCCTCCTGCCCTACCCCCAAAAAGGAGACGT,PPPALPPKRRR
sh3.2,CCACCTCCCGTGCCGCCAAGAAGA,PPPVPPRR
299_1,GCTCCACCTGTTCCAGTTAGATATTTGCAAAGATTC,APPVPVRYLQRF 
250_3,TGGTTCCCAGCTGTTGATTCTTTGGCTCCAATGCCA,WFPAVDSLAPMP 
363_4,GGTCCAAGATATTGGTGGTCTGGTTGGTTG,GPRYWWSGWL 
152_2,GATAGAATTTTGCCACCTTTGCCA,DRILPPLP 
304_1,GGTAGACATCCAAGACATTCTACTGCTAATCAAATT,GRHPRHSTANQI 
250_4,TGGTTCCCATTGGTTGATTATTTGGTTCATATTTCT,WFPLVDYLVHIS 
304_4,GGTACTGGTTTGCCAAGACATTCTTGGGTTTTGTTA,GTGLPRHSWVLL
366_3,CAATCTAGATTCTTGGGTTGGTTC,QSRFLGWF 
