family,pool,aa_seq,deg_value,max_value,pos_value,med_norm,rank
363,P4,SGRFWISDWL,I,F,6,0.9519939008462566,1
363,P4,SGWFWFSDWL,W,R,3,0.946836606431112,1
366,P5,SKKRVFLGWF,K,V,3,0.7687122098882734,1
366,P5,SKVRVFEGWF,E,L,7,0.7026318907119982,1
385,P6,RRRLVESPWL,V,H,5,0.9095343659632028,1
385,P6,RDRLHESPWL,D,R,2,0.9082723759945636,1
363,P4,SGRFWMSDWL,M,F,6,0.9514253452346748,2
363,P4,SGYFWFSDWL,Y,R,3,0.905107610132304,2
366,P5,SKQRVFLGWF,Q,V,3,0.7395069242440302,2
366,P5,SKVRVFLGWF,L,L,7,0.6984636818954266,2
385,P6,RRRLHESPWL,H,H,5,0.8958426166581321,2
385,P6,RARLHESPWL,A,R,2,0.899335189956457,2
