ID,aa sequence,method
pdz.1,GVKESLV,
pdz.2,GVKQSLL,
pdz.3,GVKESGA,
sh3.1,PPPALPPKRRR,
sh3.2,PPPVPPRR,
sh3.3,PPAIPPRQPT,
sh3.4,GPPVPPRQST,
gbd1,LVGALMHVMQKRSRAIHSSDEGEDQAGDEDED,
gab2,VHRGPSRGSEIQPPPVNRNLKPDRKAKPTPLDL,
366-1,SKVRVFLGWF,PWM_top
025-1,LGIPPPPVTYMLVV,PWM_top
385-1,RRRLHESPWL,PWM_top
061-1,GGAVLPAYSELLAT,PWM_top
363-1,SGRFWFSDWL,PWM_top
246-1,GGPVKPPRLLLLV,PWM_top
214-1,LGGRAMLPLPVVVL,PWM_top
131-1,PPVPAH,PWM_top
250-1,GGGRYPVVDYVVL,PWM_top
304-1,GGGRLPWHSFMLL,PWM_top
152-1,DKPLPPLP,PWM_top
299-1,GLLWSRLAPSVPVL,PWM_top
366-2,RAHWTFWGWF,HAL
385-2,LPESPWL,HAL
363-2,GPRYWWSGWL,HAL
214-2,MPHRGPLSLPTA,HAL
131-2,PDVPAH,HAL
304-2,LRGAYPFHSWMV,HAL
152-2,DRPLPPLP,HAL
299-2,APPVPLRYLQRL,HAL
366-3,QSRFLGWF,NGS
366-4,VRVFLGWF,NGS
025-3,LFVPPAPSLPQL,NGS
025-4,IPLPPAEYGSWG,NGS
025-5,GVPGPPRYDCFD,NGS
385-3,VRSLFESPWL,NGS
385-4,IRNFVESPWL,NGS
061-3,AVPPNYIELFAK,NGS
061-4,AVPPSYIELFAT,NGS
061-5,AVPPNCSELFPT,NGS
363-3,RWYSIWL,NGS
363-4,RLWFTDWI,NGS
246-3,VGVPKPRRVAVM,NGS
246-4,APVKFPRMLSAA,NGS
246-5,VFPAKPMRNLVW,NGS
214-3,ISRAQFPLPIIS,NGS
214-4,RMMLPIPQFDVY,NGS
214-5,HAAFPIPDGLVN,NGS
214-6,ATVRNRLPIPLL,NGS
214-7,RVVKDWARLAIP,NGS
131-3,PIVPTH,NGS
131-4,PAVPAH,NGS
250-3,WFPAVDYIAHMS,NGS
250-4,WFPAVDSLAPMP,NGS
250-5,WFPLVDYLVHIS,NGS
304-3,GRHPRHSTANQI,NGS
304-4,LPFHSRANPHYL,NGS
304-5,GTGLPRHSWVLL,NGS
304-6,STRSQLPWHWSQ,NGS
304-7,LPSQSFHSFPVF,NGS
152-3,DRILPPLP,NGS
152-4,KRPLPPLP,NGS
299-3,APPVPVRYLQRF,NGS
299-4,WDRPLPTPTAGG,NGS
299-5,GVKWYRRAPLLT,NGS
299-6,LGWTRVAPGPLL,NGS
