family,method,subset,n,spearman,pearson
363,flexddg,all,551,-0.6727,-0.7024
363,flexddg,singles,190,-0.6599,-0.6945
363,flexddg,doubles,361,-0.4034,-0.2781
363,foldx,all,551,-0.5585,-0.6402
363,foldx,singles,190,-0.6786,-0.693
363,foldx,doubles,361,-0.0215,-0.2473
366,flexddg,all,521,-0.3256,-0.4963
366,flexddg,singles,189,-0.4501,-0.428
366,flexddg,doubles,332,-0.3056,-0.537
366,foldx,all,521,-0.307,-0.3684
366,foldx,singles,189,-0.2785,-0.2626
366,foldx,doubles,332,-0.153,-0.1948
385,flexddg,all,548,-0.1089,-0.4002
385,flexddg,singles,190,-0.5607,-0.5215
385,flexddg,doubles,358,-0.1001,-0.1055
385,foldx,all,548,0.0367,-0.2165
385,foldx,singles,190,-0.5545,-0.6303
385,foldx,doubles,358,-0.1286,-0.1411
pooled,flexddg,all,1620,-0.4962,-0.6457
pooled (family-centred),flexddg,all,1620,-0.4677,-0.5339
pooled,flexddg,singles,569,-0.4636,-0.4358
pooled (family-centred),flexddg,singles,569,-0.565,-0.5482
pooled,flexddg,doubles,1051,-0.571,-0.773
pooled (family-centred),flexddg,doubles,1051,-0.2561,-0.3011
pooled,foldx,all,1620,-0.3237,-0.448
pooled (family-centred),foldx,all,1620,-0.3693,-0.4095
pooled,foldx,singles,569,-0.4074,-0.3897
pooled (family-centred),foldx,singles,569,-0.5228,-0.5291
pooled,foldx,doubles,1051,-0.3747,-0.5278
pooled (family-centred),foldx,doubles,1051,-0.0988,-0.1945
